順位,票数,動画タイトル,動画URL,投稿者,投稿者URL,動画投稿日時,動画時間,動画再生数
第1位,40票,ライターダンサー,https://www.nicovideo.jp/watch/sm44403399,寒暖,https://www.nicovideo.jp/user/132887134,2024/12/07 22:30:00,4:43,"46,164"
第2位,36票,ヒカキンゾーン,https://www.nicovideo.jp/watch/sm43553422,ドラゴン山田,https://www.nicovideo.jp/user/117052996,2024/03/21 18:17:03,3:58,"27,792"
第3位,28票,学年イチの陽キャライアーダンサー水原一平,https://www.nicovideo.jp/watch/sm43896371,トリドリドル,https://www.nicovideo.jp/user/52335005,2024/08/05 20:51:06,3:00,"64,800"
第4位,20票,散んぐりまんぐり,https://www.nicovideo.jp/watch/sm43220438,パワ太郎,https://www.nicovideo.jp/user/120342968,2024/01/01 5:03:02,2:55,"22,245"
第5位,18票,【合作】Z会桜浪紀　最高の教育で、未来をひらく。,https://www.nicovideo.jp/watch/sm43177061,勉強シロイド13周年,https://www.nicovideo.jp/user/121756751,2023/12/22 22:00:00,14:07,"80,630"
第5位,18票,週刊少年ジャンプ合作【音MAD】,https://www.nicovideo.jp/watch/sm44284322,岩鉄ハガネール,https://www.nicovideo.jp/user/45111275,2024/11/03 20:00:00,14:12,"135,123"
第7位,14票,やじゅくらりん,https://www.nicovideo.jp/watch/sm43818252,GainA,https://www.nicovideo.jp/user/57912122,2024/05/21 23:43:02,1:06,"7,995"
第7位,14票,OTOMAD TRIBUTE Vol.2,https://www.nicovideo.jp/watch/sm44039596,単三型,https://www.nicovideo.jp/user/148815,2024/08/30 22:00:00,18:15,"122,927"
第9位,13票,野り獣り先り輩り,https://www.nicovideo.jp/watch/sm43527841,阿慈谷ヒフミ,https://www.nicovideo.jp/user/121037177,2024/03/15 20:42:03,3:04,"15,732"
第9位,13票,【合作】魔法少女まどか☆マギカ -Puella Melodia-,https://www.nicovideo.jp/watch/sm44405300,しふお,https://www.nicovideo.jp/user/83632042,2024/12/08 21:00:00,13:03,"25,932"
第11位,12票,ライハーヤオサー,https://www.nicovideo.jp/watch/sm43317174,やや嵐,https://www.nicovideo.jp/user/131766053,2024/01/26 19:18:02,2:24,"27,303"
第11位,12票,でぶでぶ,https://www.nicovideo.jp/watch/sm43486966,トロンボーン岡嶋,https://www.nicovideo.jp/user/127489138,2024/03/05 20:19:02,5:44,"17,584"
第13位,11票,はるのぱしー またたきぱしー,https://www.nicovideo.jp/watch/sm43336208,不揃いバウム,https://www.nicovideo.jp/user/131117912,2024/01/31 15:37:02,1:47,"11,378"
第13位,11票,メインストリーム,https://www.nicovideo.jp/watch/sm43801109,otogroove,https://www.nicovideo.jp/user/131698168,2024/05/18 22:00:00,45:21,"15,906"
第13位,11票,激発物破裂罪《高速》,https://www.nicovideo.jp/watch/sm43808529,otogroove,https://www.nicovideo.jp/user/131698168,2024/05/19 20:00:00,1:04:32,"10,223"
第16位,10票,【合作】野々村動画流星群,https://www.nicovideo.jp/watch/sm44204005,Aizu Wakamatsu.,https://www.nicovideo.jp/user/129801003,2024/10/13 0:00:00,17:42,"9,371"
第16位,10票,アー千光年,https://www.nicovideo.jp/watch/sm44223387,阿慈谷ヒフミ,https://www.nicovideo.jp/user/121037177,2024/10/19 0:00:00,2:19,"6,925"
第18位,9票,【解説用語解説】「Super god title的正司サンノオサラ崩戒班が再生…」とは？,https://www.nicovideo.jp/watch/sm43629395,おっぱい,https://www.nicovideo.jp/user/132235753,2024/04/07 2:25:00,1:11,"8,457"
第18位,9票,木に夢中になってたら乗り過ごしてイワシ,https://youtu.be/gqIl7yX5Ms8,乍,https://www.youtube.com/channel/UCqtO5xZOD8dLCww6z85YJtg,2024/10/02 21:14:31,2:53,"18,246"
第20位,8票,オーバームキムキヤンパイ,https://www.nicovideo.jp/watch/sm43624032,VitaL怪電波,https://www.nicovideo.jp/user/128470285,2024/04/05 23:30:00,1:09,"141,162"
第20位,8票,辿り着く理由は,https://www.nicovideo.jp/watch/sm44225557,六角軸ドリル,https://www.nicovideo.jp/user/130944544,2024/10/17 23:48:03,2:24,"10,581"
第20位,8票,藤田ことねこんで,https://www.nicovideo.jp/watch/sm44332875,阿慈谷ヒフミ,https://www.nicovideo.jp/user/121037177,2024/11/17 21:17:03,3:18,"5,971"
第23位,7票,ヤンデレの音madに死ぬほど愛されて眠れない合作 あははははは,https://www.nicovideo.jp/watch/sm43258030,ガ病,https://www.nicovideo.jp/user/58970902,2024/01/11 0:05:02,7:55,"48,828"
第23位,7票,縷・縷・屡・来,https://www.nicovideo.jp/watch/sm43896389,アリナケート,https://www.nicovideo.jp/user/42865270,2024/08/05 20:50:03,2:38,"2,824"
第23位,7票,てるてる,https://www.nicovideo.jp/watch/sm43900554,Garech,https://www.nicovideo.jp/user/48984164,2024/08/05 21:32:18,4:38,"6,475"
第23位,7票,to バカって言った方が or not to バカなんだぁ！！！！！！！！！！！,https://www.nicovideo.jp/watch/sm43953524,ぇろｙ,https://www.nicovideo.jp/user/131594829,2024/08/12 2:18:03,3:48,"10,829"
第23位,7票,バトラの翔翔ゆー翔,https://www.nicovideo.jp/watch/sm44254588,阿保草,https://www.nicovideo.jp/user/45185099,2024/10/26 21:00:00,1:31,"7,784"
第28位,6票,てくくらりん,https://www.nicovideo.jp/watch/sm43287166,ステニックch,https://www.nicovideo.jp/user/122246224,2024/01/18 23:01:03,1:03,"14,772"
第28位,6票,ちっちゃなヒナ,https://www.nicovideo.jp/watch/sm43417713,さの,https://www.nicovideo.jp/user/53446367,2024/02/19 23:08:03,3:54,"169,568"
第28位,6票,ヴァンパイアガール ぅゅゅっ!,https://www.nicovideo.jp/watch/sm43627332,さくれい,https://www.nicovideo.jp/user/55975521,2024/04/06 18:45:03,1:40,"12,749"
第28位,6票,ボッチノ,https://www.nicovideo.jp/watch/sm43721652,イダルゴ,https://www.nicovideo.jp/user/81818168,2024/04/29 6:45:02,2:03,"20,304"
第28位,6票,【ｵﾄグルー、ゥ】【音MAD】テ・クチャンのOMGポンチャック大百科 뽕짝 Remix【ニコニコ生放送より】,https://www.nicovideo.jp/watch/sm43804679,ステニックch,https://www.nicovideo.jp/user/122246224,2024/05/18 23:15:00,1:30,"6,829"
第28位,6票,熟女Baqeela,https://www.nicovideo.jp/watch/sm43993427,Ostrich,https://www.nicovideo.jp/user/13539911,2024/08/19 19:05:03,2:50,"6,727"
第28位,6票,片道☆きゃっちぼ☆らんらんるー☆る,https://www.nicovideo.jp/watch/sm44298489,ニューロシスシティ,https://www.nicovideo.jp/user/127848413,2024/11/07 22:19:03,1:39,"3,748"
第28位,6票,ALTERNATOR☆.mp4,https://www.nicovideo.jp/watch/sm44329447,マカロニさん,https://www.nicovideo.jp/user/16513531,2024/11/17 19:19:00,2:02,"77,747"
第28位,6票,ブルアカイバー,https://www.nicovideo.jp/watch/sm44341743,54k12,https://www.nicovideo.jp/user/43975618,2024/11/20 20:05:00,2:40,"72,012"
第28位,6票,キャラメル断線,https://youtu.be/8CA6CB7NLb0,乍,https://www.youtube.com/channel/UCqtO5xZOD8dLCww6z85YJtg,2024/09/02 0:34:01,3:20,"132,597"
第38位,5票,ラブコメ合作 -rush to you-,https://www.nicovideo.jp/watch/sm43391859,かっぱ,https://www.nicovideo.jp/user/28794844,2024/02/14 20:00:00,7:11,"18,128"
第38位,5票,オーバーラドナルド井戸,https://www.nicovideo.jp/watch/sm43404195,とりねこ,https://www.nicovideo.jp/user/78203617,2024/02/17 21:00:00,2:28,"46,133"
第38位,5票,イワシがつちからはえてくるんだ,https://www.nicovideo.jp/watch/sm43536618,しふお,https://www.nicovideo.jp/user/83632042,2024/03/17 20:00:00,2:54,"43,141"
第38位,5票,トームーブラウン,https://www.nicovideo.jp/watch/sm43720406,零～ゼロ～,https://www.nicovideo.jp/user/8420196,2024/04/28 23:00:00,3:31,"265,740"
第38位,5票,【UL 極太横罫10mm×24行】,https://www.nicovideo.jp/watch/sm43727158,ばとじっぷ,https://www.nicovideo.jp/user/27636552,2024/04/30 18:00:00,2:40,"8,535"
第38位,5票,YajuMix.mp4,https://www.nicovideo.jp/watch/sm43810880,otogroove,https://www.nicovideo.jp/user/131698168,2024/05/20 1:25:02,14:55,"4,038"
第38位,5票,Q:跛行,https://www.nicovideo.jp/watch/sm43973994,六角軸ドリル,https://www.nicovideo.jp/user/130944544,2024/08/16 1:01:03,1:18,"10,125"
第38位,5票,㋥刀流集合体,https://www.nicovideo.jp/watch/sm44271895,四季,https://www.nicovideo.jp/user/62040707,2024/10/31 13:01:03,2:00,"24,057"
第38位,5票,オーバー野獣ママ,https://www.nicovideo.jp/watch/sm44363558,よぎ,https://www.nicovideo.jp/user/35292619,2024/11/26 8:30:04,2:17,"61,153"
第38位,5票,【合作】おとぬﾞっど,https://www.nicovideo.jp/watch/sm44388264,ぽぽ…ぽぽぽ……,https://www.nicovideo.jp/user/72994918,2024/12/03 19:40:00,7:11,"29,807"
第38位,5票,まにまに,https://www.nicovideo.jp/watch/sm44393022,SAND,https://www.nicovideo.jp/user/83801912,2024/12/04 22:00:00,4:29,"9,853"
第49位,4票,ぶるーくらりん,https://www.nicovideo.jp/watch/sm43131120,54k12,https://www.nicovideo.jp/user/43975618,2023/12/11 0:00:00,1:22,"125,869"
第49位,4票,ファイヤ一サンダー,https://www.nicovideo.jp/watch/sm43272925,mathya,https://www.nicovideo.jp/user/86410125,2024/01/14 22:00:00,1:36,"116,653"
第49位,4票,音MAD10選で上位取りたいのでこの動画に投票してください,https://www.nicovideo.jp/watch/sm43385363,とそちか,https://www.nicovideo.jp/user/46721826,2024/02/12 16:25:03,0:53,"5,919"
第49位,4票,抜いた素材しか使えない合作,https://www.nicovideo.jp/watch/sm43397049,若干,https://www.nicovideo.jp/user/124239433,2024/02/17 0:45:00,40:28,"115,560"
第49位,4票,バカ回線レベルで落ちやがった…,https://www.nicovideo.jp/watch/sm43407607,岩鉄ハガネール,https://www.nicovideo.jp/user/45111275,2024/02/17 19:40:00,1:33,"41,750"
第49位,4票,天使イ,https://www.nicovideo.jp/watch/sm43536465,聖なるバリア －ミラーフォース－,https://www.nicovideo.jp/user/38110073,2024/03/17 20:00:00,1:40,"13,685"
第49位,4票,オーバードラサン,https://www.nicovideo.jp/watch/sm43561862,カフェオレ健冶,https://www.nicovideo.jp/user/11868040,2024/03/23 0:05:02,0:33,"16,068"
第49位,4票,膳,https://www.nicovideo.jp/watch/sm43725383,しんじん,https://www.nicovideo.jp/user/117277052,2024/04/29 23:04:03,4:37,"24,532"
第49位,4票,ホモと見る空前の〇〇ブーム.mp2016,https://www.nicovideo.jp/watch/sm43735588,生和コーポレーション,https://www.nicovideo.jp/user/124020117,2024/05/03 4:00:00,2:55,"5,391"
第49位,4票,NUSKOOL -ラップ調音MAD-,https://www.nicovideo.jp/watch/sm43798427,otogroove,https://www.nicovideo.jp/user/131698168,2024/05/18 21:00:00,35:09,"5,185"
第49位,4票,,https://www.nicovideo.jp/watch/sm43806093,フロクロ(Frog96),https://www.nicovideo.jp/user/22849903,2024/05/19 4:04:00,13:36,"25,208"
第49位,4票,GAME NECROPOLIS,https://www.nicovideo.jp/watch/sm43902637,とせ,https://www.nicovideo.jp/user/96213116,2024/08/05 21:43:22,2:25,"4,218"
第49位,4票,Talk!,https://www.nicovideo.jp/watch/sm43908179,ColaLK,https://www.nicovideo.jp/user/55343778,2024/08/05 23:44:04,3:09,"5,768"
第49位,4票,くーねる・えんげいざぁ,https://www.nicovideo.jp/watch/sm43919635,灰色マテリアル,https://www.nicovideo.jp/user/42324428,2024/08/06 21:00:00,3:50,"21,007"
第49位,4票,【合作】キヴォトスではおとめっどは恥ずかしいんだよ！,https://www.nicovideo.jp/watch/sm43939977,弁財天,https://www.nicovideo.jp/user/127214354,2024/08/10 0:15:00,6:47,"472,882"
第49位,4票,⠀ ⠀,https://www.nicovideo.jp/watch/sm43983379,ステニックch,https://www.nicovideo.jp/user/122246224,2024/08/17 19:14:03,1:20,"9,663"
第49位,4票,無意味な抵抗ック,https://www.nicovideo.jp/watch/sm43992813,Official Music V,https://www.nicovideo.jp/user/128643859,2024/08/19 16:32:03,1:06,"8,653"
第49位,4票,音MADラジオSP　2024年上半期５選　OP,https://www.nicovideo.jp/watch/sm44103919,音MADラジオ,https://www.nicovideo.jp/user/123667054,2024/09/15 18:00:00,1:50,"4,523"
第49位,4票,工場の光を見て笑う寒い地域の亀,https://www.nicovideo.jp/watch/sm44105514,鍋564,https://www.nicovideo.jp/user/126778631,2024/09/15 18:00:00,1:31,"8,594"
第49位,4票,ん〜〜〜んんんいいいにんいぎぢぎんいぎいぎんぎぢぢいいんいぎぢにいいんぎぎいいいいいいぢぎんぎいいいんいぢぎぢぎいんいいぎいいぎぎぢぎいんぎんいいいぎいぎいいいいいいいいん　ん　んんぎいんぎいいいいい,https://www.nicovideo.jp/watch/sm44120710,yith,https://www.nicovideo.jp/user/58391210,2024/09/19 17:21:03,2:12,"4,262"
第49位,4票,秤アツコ - 私は雨,https://www.nicovideo.jp/watch/sm44134228,binmode/ビンモード,https://www.nicovideo.jp/user/87250268,2024/09/23 0:05:00,3:42,"14,446"
第49位,4票,私、ビビりデバがフィギュアになります！,https://www.nicovideo.jp/watch/sm44150799,枝折り,https://www.nicovideo.jp/user/131900314,2024/09/27 19:00:00,1:00,"8,425"
第49位,4票,がんばって～！城,https://www.nicovideo.jp/watch/sm44228815,マテマティカ,https://www.nicovideo.jp/user/124607365,2024/10/19 1:00:02,1:13,"39,242"
第49位,4票,俺たち金持ちヒカキンレボリューション2,https://www.nicovideo.jp/watch/sm44314574,ニューロシスシティ,https://www.nicovideo.jp/user/127848413,2024/11/12 21:00:00,1:49,"2,588"
第49位,4票,あいつオヤジをバカ通信しやがった・・・,https://www.nicovideo.jp/watch/sm44325549,現実,https://www.nicovideo.jp/user/137030026,2024/11/16 0:22:05,2:28,"37,346"
第49位,4票,★!!,https://www.nicovideo.jp/watch/sm44353407,園田智代子,https://www.nicovideo.jp/user/97490036,2024/11/23 15:40:32,0:35,"6,895"
第49位,4票,おせち三世,https://www.nicovideo.jp/watch/sm44378197,ゲスト,https://www.nicovideo.jp/user/130160141,2024/11/30 18:01:03,1:20,"5,785"
第49位,4票,人生,https://www.nicovideo.jp/watch/sm44409049,Theas,https://www.nicovideo.jp/user/68814922,2024/12/09 20:00:00,7:16,"46,226"
第77位,3票,ハルシノン,https://www.nicovideo.jp/watch/sm43279073,回転娘,https://www.nicovideo.jp/user/128645534,2024/01/16 17:56:02,1:25,"6,220"
第77位,3票,アハ体験,https://www.nicovideo.jp/watch/sm43284725,びえええ,https://www.nicovideo.jp/user/87303375,2024/01/18 9:16:03,1:20,"1,620"
第77位,3票,少女終末前夜,https://www.nicovideo.jp/watch/sm43291161,マイドライブ,https://www.nicovideo.jp/user/129625610,2024/01/20 0:40:02,2:08,"16,213"
第77位,3票,【第四回】マリオカート8DX ライアーダンサー杯にちいかわが緊急参戦！ #音マリカ,https://www.nicovideo.jp/watch/sm43298402,ふーふー,https://www.nicovideo.jp/user/20600830,2024/01/21 21:15:00,3:15,"9,460"
第77位,3票,オーバーチキンライドを作る自分を重音テトだと思い込んでいる男,https://www.nicovideo.jp/watch/sm43354294,インジョン,https://www.nicovideo.jp/user/32744783,2024/02/04 20:17:02,1:30,"129,962"
第77位,3票,オーバーカブ,https://www.nicovideo.jp/watch/sm43441242,旋回,https://www.nicovideo.jp/user/21575217,2024/02/24 13:00:00,1:49,"34,467"
第77位,3票,野獣先輩のまんげ千本桜,https://www.nicovideo.jp/watch/sm43497556,よぎ,https://www.nicovideo.jp/user/35292619,2024/03/08 16:12:02,1:37,"23,379"
第77位,3票,のんのん,https://www.nicovideo.jp/watch/sm43685651,ユウシ,https://www.nicovideo.jp/user/76404155,2024/04/21 1:00:00,1:34,"16,163"
第77位,3票,【合作】フォニイ,https://www.nicovideo.jp/watch/sm43687531,すいはん,https://www.nicovideo.jp/user/88352870,2024/04/21 20:00:00,3:31,"42,951"
第77位,3票,【 緊急 】松居一代、秒針を噛む。,https://www.nicovideo.jp/watch/sm43725387,VitaL怪電波,https://www.nicovideo.jp/user/128470285,2024/04/30 0:00:00,4:27,"6,521"
第77位,3票,ライアーシャニマス,https://www.nicovideo.jp/watch/sm43745752,MP,https://www.nicovideo.jp/user/117726199,2024/05/04 19:00:00,1:47,"20,835"
第77位,3票,もちもち,https://www.nicovideo.jp/watch/sm43762935,たるもっと,https://www.nicovideo.jp/user/116205905,2024/05/08 17:51:02,4:29,"8,865"
第77位,3票,オーバーシコシコ,https://www.nicovideo.jp/watch/sm43780702,あかがね,https://www.nicovideo.jp/user/84468573,2024/05/14 22:00:00,1:29,"64,977"
第77位,3票,ロイツマ,https://www.nicovideo.jp/watch/sm43789396,회색시티,https://www.nicovideo.jp/user/121149113,2024/05/14 22:21:03,2:28,"5,266"
第77位,3票,ウルトライナズマ―,https://www.nicovideo.jp/watch/sm43801103,Kyser,https://www.nicovideo.jp/user/54788144,2024/05/18 0:01:03,4:30,"9,643"
第77位,3票,再演:メインストリーム,https://www.nicovideo.jp/watch/sm43809004,神酒,https://www.nicovideo.jp/user/78474893,2024/05/19 19:14:03,14:38,"8,891"
第77位,3票,OTOMAD-mix.muffin,https://www.nicovideo.jp/watch/sm43810500,エルフィン,https://www.nicovideo.jp/user/27176777,2024/05/19 23:16:03,15:55,"2,932"
第77位,3票,Assault TRAIN,https://www.nicovideo.jp/watch/sm43812184,1時,https://www.nicovideo.jp/user/7375756,2024/05/20 19:15:00,2:30,"10,940"
第77位,3票,退屈を再演しないで -OTOGROOVE Edition-,https://www.nicovideo.jp/watch/sm43814968,オールカラー,https://www.nicovideo.jp/user/79698528,2024/05/21 2:10:05,2:34,"2,201"
第77位,3票,でっけえ,https://www.nicovideo.jp/watch/sm43841885,ゲスト,https://www.nicovideo.jp/user/132743229,2024/05/27 22:21:02,2:28,"7,727"
第77位,3票,ヤジューセンパイシャル・イキスギイクイクマインアー,https://www.nicovideo.jp/watch/sm43889792,ざらめ,https://www.nicovideo.jp/user/117618096,2024/08/06 0:00:00,1:11,"86,300"
第77位,3票,イガクフ,https://www.nicovideo.jp/watch/sm43908051,外湯,https://www.nicovideo.jp/user/32615181,2024/08/05 23:30:00,2:03,"152,824"
第77位,3票,散り散り踊ってみた☆,https://www.nicovideo.jp/watch/sm43960228,九連天和,https://www.nicovideo.jp/user/118470511,2024/08/17 0:00:00,1:50,"2,898"
第77位,3票,両津のフェラにご用心,https://www.nicovideo.jp/watch/sm43979619,高澤淳介,https://www.nicovideo.jp/user/5095031,2024/08/17 0:11:03,1:53,"3,461"
第77位,3票,シカ色に見える,https://www.nicovideo.jp/watch/sm44057307,ヒカドラ界隈の危機,https://www.nicovideo.jp/user/131026605,2024/09/02 19:28:03,1:42,"1,600"
第77位,3票,ばしゃばしゃめ,https://www.nicovideo.jp/watch/sm44062978,Shoelace Bother,https://www.nicovideo.jp/user/71634601,2024/09/04 8:34:02,0:46,"20,530"
第77位,3票,せーの！,https://www.nicovideo.jp/watch/sm44065249,零～ゼロ～,https://www.nicovideo.jp/user/8420196,2024/09/04 21:56:05,3:26,"860,462"
第77位,3票,サイゼ来た合作　単品ABセット（ドリンクバー付き）,https://www.nicovideo.jp/watch/sm44076121,頬蜂Project,https://www.nicovideo.jp/user/91038960,2024/09/08 21:00:00,5:01,"2,797"
第77位,3票,グー確定前夜,https://www.nicovideo.jp/watch/sm44121004,エルミナス,https://www.nicovideo.jp/user/79976564,2024/09/21 20:00:00,2:00,"4,367"
第77位,3票,風化,https://www.nicovideo.jp/watch/sm44145339,Karashi,https://www.nicovideo.jp/user/88823664,2024/09/26 0:08:03,0:52,"3,887"
第77位,3票,プig プrother,https://www.nicovideo.jp/watch/sm44155537,マイドライブ,https://www.nicovideo.jp/user/129625610,2024/09/28 21:40:00,3:14,"7,352"
第77位,3票,いくいく,https://www.nicovideo.jp/watch/sm44183946,つな,https://www.nicovideo.jp/user/115665441,2024/10/19 19:00:00,4:25,"11,228"
第77位,3票,ビデオゲーム合作3 - New Generation!!! -,https://www.nicovideo.jp/watch/sm44185246,コサンジ,https://www.nicovideo.jp/user/27576055,2024/10/06 20:00:00,12:13,"31,395"
第77位,3票,三回しか叫ぶことができない,https://www.nicovideo.jp/watch/sm44203835,びえええ,https://www.nicovideo.jp/user/87303375,2024/10/11 22:51:03,2:59,"4,293"
第77位,3票,I'm so HuTao,https://www.nicovideo.jp/watch/sm44276891,阿保草,https://www.nicovideo.jp/user/45185099,2024/11/16 0:00:00,1:37,"8,106"
第77位,3票,ひろひろ/r-1116【ひろゆき切り抜き】　,https://www.nicovideo.jp/watch/sm44325078,トリドリドル,https://www.nicovideo.jp/user/52335005,2024/11/16 0:00:00,4:48,"3,929"
第77位,3票,エキサイトネス,https://www.nicovideo.jp/watch/sm44402169,芋タルト,https://www.nicovideo.jp/user/64703247,2024/12/08 20:00:00,1:43,"2,786"
第77位,3票,思い出のイワシ,https://youtu.be/Ggqop1gNs8M,れぶんれ,https://www.youtube.com/channel/UCHoH-kEvMUFD5ajXlqje2XQ,2024/07/03 15:59:21,2:53,"8,024"
第115位,2票,megassaku(メ合作) PART2,https://www.nicovideo.jp/watch/sm43147056,mega(目が),https://www.nicovideo.jp/user/63941082,2023/12/15 22:10:00,12:33,"8,709"
第115位,2票,ライアーHG,https://www.nicovideo.jp/watch/sm43159802,藤枝豆,https://www.nicovideo.jp/user/118661430,2023/12/18 0:00:00,3:56,"4,407"
第115位,2票,ミートソースで食べるんだ♪,https://www.nicovideo.jp/watch/sm43160083,絶望,https://www.nicovideo.jp/user/38929409,2023/12/18 1:05:02,1:27,"21,464"
第115位,2票,膳,https://www.nicovideo.jp/watch/sm43182726,ゎけ,https://www.nicovideo.jp/user/76006969,2023/12/24 0:30:00,2:12,"33,835"
第115位,2票,野々村ディスコ,https://www.nicovideo.jp/watch/sm43225427,若干,https://www.nicovideo.jp/user/124239433,2024/01/02 15:34:02,1:01,"6,406"
第115位,2票,爆カ通信,https://www.nicovideo.jp/watch/sm43284454,Rokkan,https://www.nicovideo.jp/user/82081834,2024/01/18 11:59:30,1:15,"56,337"
第115位,2票,Lost In つばさ,https://www.nicovideo.jp/watch/sm43295362,♪くらっち♪,https://www.nicovideo.jp/user/23413611,2024/01/21 0:30:00,2:50,"5,931"
第115位,2票,ジャカジャン・ドナーツ・遠ノイダンサー,https://www.nicovideo.jp/watch/sm43368275,magnalay,https://www.nicovideo.jp/user/124804386,2024/02/08 16:49:02,1:28,"12,399"
第115位,2票,オメガーシスター,https://www.nicovideo.jp/watch/sm43419754,なんこ,https://www.nicovideo.jp/user/88172143,2024/02/20 15:13:02,1:50,"17,197"
第115位,2票,ライアーヒロック,https://www.nicovideo.jp/watch/sm43436924,ぐら,https://www.nicovideo.jp/user/63581631,2024/02/23 12:00:00,1:52,"6,010"
第115位,2票,ゆの,https://www.nicovideo.jp/watch/sm43446615,つくえ,https://www.nicovideo.jp/user/127107879,2024/02/25 0:41:02,1:42,"2,303"
第115位,2票,ちょっと待った！それっDebug Danceかも！,https://www.nicovideo.jp/watch/sm43451385,アリナケート,https://www.nicovideo.jp/user/42865270,2024/02/25 22:55:02,2:00,"7,446"
第115位,2票,もの好き合作 〜兄貴に助けてもらいました♂〜,https://www.nicovideo.jp/watch/sm43459250,アマハム2,https://www.nicovideo.jp/user/78033314,2024/02/29 0:00:00,6:58,"3,074"
第115位,2票,KONOMORI,https://www.nicovideo.jp/watch/sm43466474,斑点,https://www.nicovideo.jp/user/117356889,2024/02/29 21:17:03,1:43,"4,968"
第115位,2票,言っ天王,https://www.nicovideo.jp/watch/sm43479221,おっぱい,https://www.nicovideo.jp/user/132235753,2024/03/03 20:02:02,0:35,"1,029"
第115位,2票,まじまじ,https://www.nicovideo.jp/watch/sm43524628,あかがね,https://www.nicovideo.jp/user/84468573,2024/03/22 0:00:00,4:42,"8,979"
第115位,2票,逆転ダンサー,https://www.nicovideo.jp/watch/sm43535373,おせんべい,https://www.nicovideo.jp/user/45378641,2024/03/18 0:00:00,3:56,"41,477"
第115位,2票,ライアー岡ダンサー造,https://www.nicovideo.jp/watch/sm43542275,若干,https://www.nicovideo.jp/user/124239433,2024/03/19 0:13:03,0:32,"4,137"
第115位,2票,音cheeky音girls音fast音food,https://www.nicovideo.jp/watch/sm43583033,10割引き,https://www.nicovideo.jp/user/127440689,2024/03/27 18:40:02,2:26,"4,505"
第115位,2票,【 合作 】松居一代、真実を語る。,https://www.nicovideo.jp/watch/sm43590160,VitaL怪電波,https://www.nicovideo.jp/user/128470285,2024/03/29 20:00:00,10:56,"12,657"
第115位,2票,祝福,https://www.nicovideo.jp/watch/sm43615481,やや嵐,https://www.nicovideo.jp/user/131766053,2024/04/03 22:30:02,1:29,"8,418"
第115位,2票,八九寺イ,https://www.nicovideo.jp/watch/sm43626000,枝折り,https://www.nicovideo.jp/user/131900314,2024/04/06 13:00:02,1:34,"14,783"
第115位,2票,バンナム*ヘヴン,https://www.nicovideo.jp/watch/sm43640655,バンダイナムコエンターテインメン,https://www.nicovideo.jp/user/131917076,2024/04/09 22:03:02,2:03,634
第115位,2票,【二晩合作】エロい英論、エ論ｗ合作,https://www.nicovideo.jp/watch/sm43663959,英論,https://www.nicovideo.jp/user/130833799,2024/04/15 22:15:00,45:35,"5,978"
第115位,2票,地域ィの変わりィ者ィ←フォニイのイは大きい方ですよ(笑),https://www.nicovideo.jp/watch/sm43719896,御花なお,https://www.nicovideo.jp/user/128668355,2024/04/28 22:53:02,2:54,"20,424"
第115位,2票,スナップ合作,https://www.nicovideo.jp/watch/sm43745445,竹塔,https://www.nicovideo.jp/user/2012769,2024/05/04 20:00:00,11:10,"5,697"
第115位,2票,島田紳助がでかくなると嬉しい,https://www.nicovideo.jp/watch/sm43757622,えだまめのたまご,https://www.nicovideo.jp/user/89261991,2024/05/06 22:22:03,2:25,"5,236"
第115位,2票,疾走あんさんぶる合作 ―99人があきれても、1人が笑うなら俺たちの勝ちじゃねぇか。―,https://www.nicovideo.jp/watch/sm43780756,miル,https://www.nicovideo.jp/user/40378416,2024/05/12 21:20:00,3:54,"8,582"
第115位,2票,wants mom to know she looks cool and doesn't plan on changingの音MAD,https://www.nicovideo.jp/watch/sm43801288,名有りさん,https://www.nicovideo.jp/user/8786995,2024/05/19 21:00:00,1:12,"3,304"
第115位,2票,チョコミ人マニア,https://www.nicovideo.jp/watch/sm43807072,感想,https://www.nicovideo.jp/user/7288459,2024/05/19 15:00:00,1:55,"21,495"
第115位,2票,Bomber of extacy,https://www.nicovideo.jp/watch/sm43810260,お代目アカウント,https://www.nicovideo.jp/user/118951951,2024/05/20 0:00:00,1:48,"3,890"
第115位,2票,レイモンド×サービス,https://www.nicovideo.jp/watch/sm43822074,おっぱい,https://www.nicovideo.jp/user/132235753,2024/05/23 1:30:03,0:13,"1,290"
第115位,2票,音MAD-mix,https://www.nicovideo.jp/watch/sm43830353,芋タルト,https://www.nicovideo.jp/user/64703247,2024/05/25 9:28:02,15:04,"5,570"
第115位,2票,デビル㋮ン集合体,https://www.nicovideo.jp/watch/sm43833327,SAND,https://www.nicovideo.jp/user/83801912,2024/05/25 22:30:00,1:57,"69,991"
第115位,2票,Bad Apple♪,https://www.nicovideo.jp/watch/sm43837659,里芋の茎の甘酢煮,https://www.nicovideo.jp/user/94735011,2024/05/26 23:30:02,1:21,"35,816"
第115位,2票,マーシャル・弁財天,https://www.nicovideo.jp/watch/sm43849825,VitaL怪電波,https://www.nicovideo.jp/user/128470285,2024/05/30 0:48:03,3:17,"6,659"
第115位,2票,音MADサバイバー,https://www.nicovideo.jp/watch/sm43865573,BaN長,https://www.nicovideo.jp/user/39234097,2024/06/02 18:06:02,5:00,"2,618"
第115位,2票,絆-mix,https://www.nicovideo.jp/watch/sm43891061,カリビアソコム,https://www.nicovideo.jp/user/125211704,2024/08/05 20:00:24,1:47,"1,887"
第115位,2票,印税のダンス,https://www.nicovideo.jp/watch/sm43897672,010鰤,https://www.nicovideo.jp/user/121779257,2024/08/05 19:00:00,1:39,"43,103"
第115位,2票,ぼっちざろっく11話セックス,https://www.nicovideo.jp/watch/sm43900810,CHFR,https://www.nicovideo.jp/user/69982263,2024/08/05 21:33:03,1:40,"4,171"
第115位,2票,大阪のI'm so Happy（一転攻勢つき）,https://www.nicovideo.jp/watch/sm43901458,ますとも,https://www.nicovideo.jp/user/93198521,2024/08/05 21:35:12,1:38,"4,357"
第115位,2票,田んぼ作りたいです,https://www.nicovideo.jp/watch/sm43902868,不揃いバウム,https://www.nicovideo.jp/user/131117912,2024/08/05 21:40:18,1:17,"38,074"
第115位,2票,まどかが吹　っ　切　れ　た,https://www.nicovideo.jp/watch/sm43907404,しふお,https://www.nicovideo.jp/user/83632042,2024/08/05 22:58:04,1:32,"37,709"
第115位,2票,:!███_宛て✉,https://www.nicovideo.jp/watch/sm43918363,はぱもく,https://www.nicovideo.jp/user/131409665,2024/08/06 18:33:04,2:09,"6,786"
第115位,2票,うす汚ねェきゅうくらりん族とかの血を絶やしてやるくらりん,https://www.nicovideo.jp/watch/sm43927498,れーずん,https://www.nicovideo.jp/user/131248587,2024/08/07 20:40:03,1:37,"13,062"
第115位,2票,【合作】東方魔酢汚 ~ Stage 1 Boss Medley ~,https://www.nicovideo.jp/watch/sm43949048,ジョッピ,https://www.nicovideo.jp/user/90770945,2024/08/11 18:00:00,8:25,"12,130"
第115位,2票,コバルトニーナ,https://www.nicovideo.jp/watch/sm43972983,不健康,https://www.nicovideo.jp/user/66980540,2024/08/15 21:45:04,1:50,"9,234"
第115位,2票,バカフーディン,https://www.nicovideo.jp/watch/sm44021889,かぼくれ,https://www.nicovideo.jp/user/97257328,2024/08/25 21:00:00,3:09,"6,397"
第115位,2票,きゅうあとりん,https://www.nicovideo.jp/watch/sm44031257,はぱもく,https://www.nicovideo.jp/user/131409665,2024/08/28 0:04:03,1:19,"4,221"
第115位,2票,U.Nトップガムのおじさんは誰なのか？最終鬼畜ついにその正体がわかるんドール・S,https://www.nicovideo.jp/watch/sm44053399,ニューロシスシティ,https://www.nicovideo.jp/user/127848413,2024/09/01 20:57:03,3:09,"1,936"
第115位,2票,4小節ごとに作者が変わるUnwelcome School合作,https://www.nicovideo.jp/watch/sm44054740,弁財天,https://www.nicovideo.jp/user/127214354,2024/09/01 23:40:29,2:27,"50,670"
第115位,2票,[151]A Sardine Grows from the Mushroom Kingdom,https://www.nicovideo.jp/watch/sm44078643,,https://www.nicovideo.jp/user/86015833,2024/09/08 11:20:03,2:56,"1,297"
第115位,2票,【音MAD】ヨーグルトヤード,https://www.nicovideo.jp/watch/sm44080512,ruiji,https://www.nicovideo.jp/user/1118666,2024/09/08 19:21:03,1:45,"2,770"
第115位,2票,一千Dew年,https://www.nicovideo.jp/watch/sm44091526,ピニ,https://www.nicovideo.jp/user/87238929,2024/09/11 20:28:03,2:10,"10,913"
第115位,2票,YAJU＿ZONE,https://www.nicovideo.jp/watch/sm44092221,アラヌガワ,https://www.nicovideo.jp/user/129175436,2024/09/11 22:47:04,1:44,"6,272"
第115位,2票,小一孁ック,https://www.nicovideo.jp/watch/sm44099640,聖なるバリア －ミラーフォース－,https://www.nicovideo.jp/user/38110073,2024/09/14 0:00:00,1:01,"57,052"
第115位,2票,このメドレーのこの部分が好きなのでここだけ作りました！合作＋ ADVANCED,https://www.nicovideo.jp/watch/sm44108661,【Kyoro】,https://www.nicovideo.jp/user/48539410,2024/09/16 6:29:03,1:36:00,"25,409"
第115位,2票,【合作】Point of No Return合作運動 地獄変,https://www.nicovideo.jp/watch/sm44128825,ゲストのかめ,https://www.nicovideo.jp/user/116762099,2024/09/21 20:00:00,3:07,"1,176"
第115位,2票,マーシャル・カスミマイザー,https://www.nicovideo.jp/watch/sm44138523,カラクサ,https://www.nicovideo.jp/user/128680366,2024/09/23 23:45:03,1:30,"50,442"
第115位,2票,シバタファンタジア,https://www.nicovideo.jp/watch/sm44145328,粘土31号,https://www.nicovideo.jp/user/125837010,2024/09/26 0:03:03,3:01,"3,284"
第115位,2票,投稿10本目記念動画,https://www.nicovideo.jp/watch/sm44151514,ドウェイン・ジョンソン,https://www.nicovideo.jp/user/134891892,2024/09/27 21:25:03,0:27,451
第115位,2票,魔女なのですよ(*^◯^*)にぱ～☆,https://www.nicovideo.jp/watch/sm44161728,りぐる,https://www.nicovideo.jp/user/136166401,2024/09/30 17:43:03,3:00,"1,681"
第115位,2票,ゆるゆりファンタジア,https://www.nicovideo.jp/watch/sm44162793,ドドンゴドンドリアンヌ,https://www.nicovideo.jp/user/131477767,2024/09/30 17:00:00,3:01,"7,347"
第115位,2票,地面師イ,https://www.nicovideo.jp/watch/sm44185636,猫背,https://www.nicovideo.jp/user/64420321,2024/10/06 21:00:00,1:20,"6,005"
第115位,2票,野々村動画流星群【合作】,https://www.nicovideo.jp/watch/sm44208115,再試行,https://www.nicovideo.jp/user/121415691,2024/10/13 1:01:03,1:11,305
第115位,2票,Counterショート動画を日本で流行らせて日本のYouTubeの新時代を開幕させた男Strike,https://www.nicovideo.jp/watch/sm44237583,あかがね,https://www.nicovideo.jp/user/84468573,2024/10/21 18:30:00,1:18,"3,644"
第115位,2票,【音M＠D】シャニマス6.5th合作 -響彩記録 Refulgent Color Days-【オリジナルメドレー】,https://www.nicovideo.jp/watch/sm44246155,KAISATSU,https://www.nicovideo.jp/user/2153500,2024/10/24 21:00:00,7:48,"29,998"
第115位,2票,カルダモン散り散り,https://www.nicovideo.jp/watch/sm44258580,mega(目が),https://www.nicovideo.jp/user/63941082,2024/10/27 16:42:03,1:46,"1,579"
第115位,2票,【合作】音GCCXシンフォニー 〜アリカチョ動画挑戦伝〜【祝GCCX21周年】,https://www.nicovideo.jp/watch/sm44285091,ゆっけ,https://www.nicovideo.jp/user/27091950,2024/11/04 21:00:00,11:44,"4,434"
第115位,2票,イガガガガクフ,https://www.nicovideo.jp/watch/sm44322670,小心者,https://www.nicovideo.jp/user/45417208,2024/11/15 17:00:00,3:24,"10,700"
第115位,2票,大垣に咲かせ、青瓜の桜 ～ Ogaki of Life,https://www.nicovideo.jp/watch/sm44323288,うずきさん(うず7),https://www.nicovideo.jp/user/122867131,2024/11/16 0:00:07,2:31,"4,314"
第115位,2票,【比較】I'm so Happy 12窓,https://www.nicovideo.jp/watch/sm44329720,GainA,https://www.nicovideo.jp/user/57912122,2024/11/17 2:41:03,1:47,"3,809"
第115位,2票,【合作】素材が被ったら黒塗りされる私的合作2,https://www.nicovideo.jp/watch/sm44331374,葉月味,https://www.nicovideo.jp/user/96226560,2024/11/17 20:20:00,17:36,"26,601"
第115位,2票,少女あおうり ～ 3rd uri,https://www.nicovideo.jp/watch/sm44344629,うずきさん(うず7),https://www.nicovideo.jp/user/122867131,2024/11/21 16:37:04,2:10,"2,944"
第115位,2票,I'm so オコリザルppy,https://www.nicovideo.jp/watch/sm44345550,ニューロシスシティ,https://www.nicovideo.jp/user/127848413,2024/11/21 21:00:15,1:39,"1,679"
第115位,2票,寒い,https://www.nicovideo.jp/watch/sm44347037,かきれ,https://www.nicovideo.jp/user/86188420,2024/11/22 2:51:03,1:41,939
第115位,2票,智代子 so happy,https://www.nicovideo.jp/watch/sm44392776,強運,https://www.nicovideo.jp/user/97027146,2024/12/04 20:48:03,1:37,"1,768"
第115位,2票,シバマタ.rpp-bak,https://youtu.be/C8gyMT3vWLY,乍,https://www.youtube.com/channel/UCqtO5xZOD8dLCww6z85YJtg,2024/11/17 18:40:18,5:51,"15,123"
第115位,2票,きゅうあとりん,https://youtu.be/gg5W1i8JAIk,はぱもく,https://www.youtube.com/channel/UCZUws1KHbQ908qEHOZARYqg,2024/08/28 0:03:28,1:20,"13,890"
第115位,2票,울퉁불퉁,https://youtu.be/vYBTbGrypQ0,새우딱딱한게장,https://www.youtube.com/channel/UCN3_v9jM9b-nBDiKOhGFpTQ,2024/11/16 7:06:34,4:30,"2,199"
第195位,1票,サバサンド,https://www.nicovideo.jp/watch/sm43132818,かきれ,https://www.nicovideo.jp/user/86188420,2023/12/11 2:33:02,1:14,"1,474"
第195位,1票,オーバーライド　音MAD作ってみた！,https://www.nicovideo.jp/watch/sm43136733,川端康成,https://www.nicovideo.jp/user/116793747,2023/12/12 6:23:02,2:17,"4,792"
第195位,1票,狂人融解,https://www.nicovideo.jp/watch/sm43150755,S417M_キワミライショーグン,https://www.nicovideo.jp/user/92876145,2023/12/16 0:00:02,0:54,698
第195位,1票,ゆゆ式りん,https://www.nicovideo.jp/watch/sm43151027,トロンボーン岡嶋,https://www.nicovideo.jp/user/127489138,2023/12/16 0:01:03,1:11,"6,032"
第195位,1票,Lonely Rolling Star,https://www.nicovideo.jp/watch/sm43151167,DaKeYoob74,https://www.nicovideo.jp/user/68001080,2023/12/16 0:57:03,5:46,"2,225"
第195位,1票,【合作】Magic Show +Ⅴ,https://www.nicovideo.jp/watch/sm43155615,あうぐめ,https://www.nicovideo.jp/user/120739442,2023/12/17 18:30:00,3:26,"4,178"
第195位,1票,ぶたさんだーっ！！！,https://www.nicovideo.jp/watch/sm43158773,UMEMORI_NICO,https://www.nicovideo.jp/user/125503953,2023/12/17 20:26:03,2:35,"5,607"
第195位,1票,ヒトリマスファンフアレ,https://www.nicovideo.jp/watch/sm43162344,SAND,https://www.nicovideo.jp/user/83801912,2023/12/18 20:07:03,2:13,"1,470"
第195位,1票,オーガキオブライフ,https://www.nicovideo.jp/watch/sm43164163,うずきさん(うず7),https://www.nicovideo.jp/user/122867131,2023/12/19 18:00:02,1:53,"4,198"
第195位,1票,色は匂へど散ばたりえ,https://www.nicovideo.jp/watch/sm43173385,粘土31号,https://www.nicovideo.jp/user/125837010,2023/12/21 20:10:02,1:33,"2,817"
第195位,1票,コムローダンサー,https://www.nicovideo.jp/watch/sm43181532,QJJJQ,https://www.nicovideo.jp/user/128296145,2023/12/23 19:45:02,0:39,895
第195位,1票,【アニメ10周年記念合作】のんのんびより こらぼれーしょん！ のんすとっぷ,https://www.nicovideo.jp/watch/sm43181615,REO,https://www.nicovideo.jp/user/18583211,2023/12/24 0:00:56,18:10,"18,511"
第195位,1票,タイラーダンサー,https://www.nicovideo.jp/watch/sm43200269,Rorona,https://www.nicovideo.jp/user/87829416,2023/12/28 19:00:00,1:37,"1,292"
第195位,1票,おめでとうございます動画,https://www.nicovideo.jp/watch/sm43206274,雪國,https://www.nicovideo.jp/user/87498450,2023/12/29 20:00:00,1:30,500
第195位,1票,NEW YEAR HRNR 2023 ～an final storm XX NEX～,https://www.nicovideo.jp/watch/sm43206683,スーパーニンジン,https://www.nicovideo.jp/user/87831213,2023/12/31 0:00:00,10:15,"29,621"
第195位,1票,音音音音音音きなMADへ♡,https://www.nicovideo.jp/watch/sm43209171,ここすき,https://www.nicovideo.jp/user/40204091,2023/12/31 19:19:00,1:30,"2,770"
第195位,1票,【エア本超獣神祭'23】シナノフリー合作mini,https://www.nicovideo.jp/watch/sm43214001,旧約聖書に書かれてる四人の死神,https://www.nicovideo.jp/user/131692117,2023/12/31 2:34:02,3:38,"2,496"
第195位,1票,922歳位にはカリフォると思ってた,https://www.nicovideo.jp/watch/sm43222240,外湯,https://www.nicovideo.jp/user/32615181,2024/01/01 21:22:00,3:07,"258,505"
第195位,1票,【合作単品】柴又☆.NYD2023,https://www.nicovideo.jp/watch/sm43226507,猫ちゃん,https://www.nicovideo.jp/user/53063754,2024/01/07 20:00:00,0:55,"40,187"
第195位,1票,椿気予報,https://www.nicovideo.jp/watch/sm43227210,こけし,https://www.nicovideo.jp/user/57467047,2024/01/02 23:51:02,0:35,527
第195位,1票,おせ通信,https://www.nicovideo.jp/watch/sm43230168,あかがね,https://www.nicovideo.jp/user/84468573,2024/01/03 19:37:02,1:22,"2,401"
第195位,1票,銀河結束,https://www.nicovideo.jp/watch/sm43230297,不健康,https://www.nicovideo.jp/user/66980540,2024/01/03 20:05:02,2:29,"18,616"
第195位,1票,新春Car Crush & Siren合作,https://www.nicovideo.jp/watch/sm43230543,GainA,https://www.nicovideo.jp/user/57912122,2024/01/04 0:05:00,12:18,614
第195位,1票,バカ通信☆,https://www.nicovideo.jp/watch/sm43231962,,https://www.nicovideo.jp/user/125247562,2024/01/04 12:00:00,1:19,"19,253"
第195位,1票,グロすマスオソング,https://www.nicovideo.jp/watch/sm43233011,NO IMAGE,https://www.nicovideo.jp/user/119927433,2024/01/04 14:39:02,0:12,711
第195位,1票,ちっちゃなひろゆき,https://www.nicovideo.jp/watch/sm43238867,ニューロシスシティ,https://www.nicovideo.jp/user/127848413,2024/01/05 22:43:02,1:57,"19,266"
第195位,1票,人ジャミラ,https://www.nicovideo.jp/watch/sm43242793,世論デーモン,https://www.nicovideo.jp/user/15410527,2024/01/06 23:51:02,1:21,"4,303"
第195位,1票,他の生徒の前でクソ汚いおくすりを飲みながら先生の肉道具にされるミカへの先生の反応【ブルーアーカイブ ブルアカ 反応集 まとめ】,https://www.nicovideo.jp/watch/sm43247745,wakanameko,https://www.nicovideo.jp/user/123561924,2024/01/08 6:00:02,0:38,"43,817"
第195位,1票,イトイト★デンワフィーバー,https://www.nicovideo.jp/watch/sm43254358,ますとも,https://www.nicovideo.jp/user/93198521,2024/01/10 0:00:00,1:32,"4,773"
第195位,1票,ﾓﾂ,https://www.nicovideo.jp/watch/sm43255507,miル,https://www.nicovideo.jp/user/40378416,2024/01/20 0:00:00,0:35,"2,644"
第195位,1票,転職ならtype,https://www.nicovideo.jp/watch/sm43258565,表現の自由,https://www.nicovideo.jp/user/131724707,2024/01/11 5:37:02,3:52,578
第195位,1票,レヴィ,https://www.nicovideo.jp/watch/sm43263598,さときび,https://www.nicovideo.jp/user/77311296,2024/01/12 18:40:03,1:38,"8,503"
第195位,1票,ぷるぷるランド会いトメア,https://www.nicovideo.jp/watch/sm43270614,園田智代子,https://www.nicovideo.jp/user/97490036,2024/01/14 12:52:03,0:55,"3,235"
第195位,1票,食剤,https://www.nicovideo.jp/watch/sm43276381,微熱,https://www.nicovideo.jp/user/16151608,2024/01/15 21:00:00,1:45,"88,243"
第195位,1票,後藤ひとりのサクセスストーリイ,https://www.nicovideo.jp/watch/sm43277100,すいはん,https://www.nicovideo.jp/user/88352870,2024/01/15 23:32:02,1:28,"25,112"
第195位,1票,地球に直径４００kmのちっちゃなドナルドが２０００００００km／hの速度で衝突します,https://www.nicovideo.jp/watch/sm43284210,ねこみかん,https://www.nicovideo.jp/user/64123791,2024/01/18 1:18:03,1:15,"6,012"
第195位,1票,スズランが土から生えてくるんだ,https://www.nicovideo.jp/watch/sm43286027,とせ,https://www.nicovideo.jp/user/96213116,2024/01/20 0:00:00,2:49,"4,987"
第195位,1票,お茶犬□福笑い,https://www.nicovideo.jp/watch/sm43289814,♪くらっち♪,https://www.nicovideo.jp/user/23413611,2024/01/19 19:00:00,0:30,"1,067"
第195位,1票,ラスボスっぽいな,https://www.nicovideo.jp/watch/sm43290112,にてとら,https://www.nicovideo.jp/user/120312196,2024/01/21 0:00:00,4:40,"11,025"
第195位,1票,Ping-Pang-Pang-Porn,https://www.nicovideo.jp/watch/sm43291142,底上げ,https://www.nicovideo.jp/user/129136564,2024/01/20 0:01:02,1:30,"41,785"
第195位,1票,パッキンディスコ2024,https://www.nicovideo.jp/watch/sm43291410,ゎけ,https://www.nicovideo.jp/user/76006969,2024/01/20 1:23:02,1:05,"2,912"
第195位,1票,□□ガチイク！,https://www.nicovideo.jp/watch/sm43294377,表現の自由,https://www.nicovideo.jp/user/131724707,2024/01/20 20:24:02,1:05,"8,973"
第195位,1票,祝福,https://www.nicovideo.jp/watch/sm43296812,さくれい,https://www.nicovideo.jp/user/55975521,2024/01/21 18:00:00,1:35,"46,958"
第195位,1票,ガム通信,https://www.nicovideo.jp/watch/sm43298271,百日紅,https://www.nicovideo.jp/user/124442312,2024/01/21 20:00:00,1:18,"4,243"
第195位,1票,にじかって.,https://www.nicovideo.jp/watch/sm43303886,タコぬ,https://www.nicovideo.jp/user/116866047,2024/01/23 0:00:02,3:04,"4,159"
第195位,1票,テレキャスターベーシックス,https://www.nicovideo.jp/watch/sm43321879,にやり,https://www.nicovideo.jp/user/117796420,2024/01/27 21:20:00,1:07,"12,522"
第195位,1票,暗殺レボリューション21,https://www.nicovideo.jp/watch/sm43326639,わたくし氏,https://www.nicovideo.jp/user/93606868,2024/01/28 22:07:03,2:10,"10,027"
第195位,1票,オーバーミラクル,https://www.nicovideo.jp/watch/sm43330977,まっしろ,https://www.nicovideo.jp/user/76810525,2024/01/30 18:00:00,1:29,"37,630"
第195位,1票,ぼっちとインドネシア,https://www.nicovideo.jp/watch/sm43340107,トリドリドル,https://www.nicovideo.jp/user/52335005,2024/02/01 21:00:00,1:53,"18,221"
第195位,1票,オーバー郁代,https://www.nicovideo.jp/watch/sm43341696,松の葉,https://www.nicovideo.jp/user/125575989,2024/02/01 23:00:00,2:18,"21,539"
第195位,1票,人フミヤ,https://www.nicovideo.jp/watch/sm43344383,なんこ,https://www.nicovideo.jp/user/88172143,2024/02/03 0:00:00,1:16,"6,412"
第195位,1票,フミ・オ・プレジデント,https://www.nicovideo.jp/watch/sm43346954,やや嵐,https://www.nicovideo.jp/user/131766053,2024/02/03 5:53:02,1:32,"5,813"
第195位,1票,バ蚊通信,https://www.nicovideo.jp/watch/sm43362698,うごあち,https://www.nicovideo.jp/user/128250354,2024/02/06 22:55:02,1:16,"9,400"
第195位,1票,オーバー五条悟,https://www.nicovideo.jp/watch/sm43364806,めろん₄₂₇₅₆,https://www.nicovideo.jp/user/95174118,2024/02/07 16:56:02,1:08,"1,896"
第195位,1票,アリガララララアリガル大事件,https://www.nicovideo.jp/watch/sm43368106,,https://www.nicovideo.jp/user/132097160,2024/02/08 15:45:02,1:31,681
第195位,1票,bling-pa-pa-tu,https://www.nicovideo.jp/watch/sm43373727,泣き猫工場,https://www.nicovideo.jp/user/129834455,2024/02/09 23:14:02,1:12,"8,810"
第195位,1票,【合作】ブルアカ学園祭　～響けキヴォトス三銃奏～【ブルアカ三周年】,https://www.nicovideo.jp/watch/sm43381456,ブルアカ音MAD合作,https://www.nicovideo.jp/user/132052011,2024/02/11 21:15:00,14:05,"158,434"
第195位,1票,インターネット音MAD,https://www.nicovideo.jp/watch/sm43383083,ご飯食うのに茶碗がない,https://www.nicovideo.jp/user/129195371,2024/02/12 0:00:00,4:09,"4,710"
第195位,1票,ラッシュ,https://www.nicovideo.jp/watch/sm43383716,バンダイナムコエンターテインメン,https://www.nicovideo.jp/user/131917076,2024/02/12 4:19:02,0:23,165
第195位,1票,うちらウチらうちらウチラうチらウチラうちらウちらが噂のウマ娘,https://www.nicovideo.jp/watch/sm43399460,わたくし氏,https://www.nicovideo.jp/user/93606868,2024/02/15 22:04:03,0:40,"3,153"
第195位,1票,フタパカ通信,https://www.nicovideo.jp/watch/sm43400569,ゎけ,https://www.nicovideo.jp/user/76006969,2024/02/16 2:24:02,1:18,"4,810"
第195位,1票,夢,https://www.nicovideo.jp/watch/sm43404464,とそちか,https://www.nicovideo.jp/user/46721826,2024/02/17 0:25:02,1:57,"1,479"
第195位,1票,まんまん,https://www.nicovideo.jp/watch/sm43408794,遊瀬,https://www.nicovideo.jp/user/91243583,2024/02/17 23:10:03,4:44,"2,407"
第195位,1票,ディザストラスマサオ,https://www.nicovideo.jp/watch/sm43409660,Rinsaku,https://www.nicovideo.jp/user/38290845,2024/02/18 4:00:00,1:07,"1,714"
第195位,1票,オーバーレダ,https://www.nicovideo.jp/watch/sm43412324,54k12,https://www.nicovideo.jp/user/43975618,2024/02/18 19:22:03,1:30,"68,782"
第195位,1票,インドア系なら何を四天王！？,https://www.nicovideo.jp/watch/sm43418803,バンダイナムコエンターテインメン,https://www.nicovideo.jp/user/131917076,2024/02/20 7:54:02,0:49,539
第195位,1票,デカライン高架下の時間だーーーーーーーー！,https://www.nicovideo.jp/watch/sm43419869,いんでっていう,https://www.nicovideo.jp/user/4984001,2024/02/20 19:19:00,0:27,"7,396"
第195位,1票,夢,https://www.nicovideo.jp/watch/sm43421616,とそちか,https://www.nicovideo.jp/user/46721826,2024/02/20 21:46:02,2:26,"3,779"
第195位,1票,スカイハイの時間だああああああ！どりゃああああああ,https://www.nicovideo.jp/watch/sm43422279,わたくし氏,https://www.nicovideo.jp/user/93606868,2024/02/21 0:01:03,1:16,"23,265"
第195位,1票,DJDJ★ナイトフィーバー,https://www.nicovideo.jp/watch/sm43422705,4/3πr³,https://www.nicovideo.jp/user/127395296,2024/02/21 1:26:02,1:32,886
第195位,1票,ケイコー合作【西】,https://www.nicovideo.jp/watch/sm43431343,miko,https://www.nicovideo.jp/user/69588700,2024/02/22 22:00:00,23:33,"2,482"
第195位,1票,世界のガノンの星のダンス【ナカオカ拳】,https://www.nicovideo.jp/watch/sm43434388,quta,https://www.nicovideo.jp/user/98275256,2024/02/23 0:00:00,1:08,"3,326"
第195位,1票,オクバーダンサー,https://www.nicovideo.jp/watch/sm43437259,のら黒,https://www.nicovideo.jp/user/44668759,2024/02/23 12:23:00,2:46,"4,348"
第195位,1票,アリ・ノ・プレジデント,https://www.nicovideo.jp/watch/sm43439343,ゆっけ,https://www.nicovideo.jp/user/27091950,2024/02/25 0:00:00,2:02,"4,677"
第195位,1票,【合作】ウマ娘冠奏曲 ～極彩のベストレコード～,https://www.nicovideo.jp/watch/sm43444881,ウマ娘合作,https://www.nicovideo.jp/user/121293568,2024/02/24 22:00:00,10:40,"78,715"
第195位,1票,宇沢レイサ,https://www.nicovideo.jp/watch/sm43446602,カフェオレ健冶,https://www.nicovideo.jp/user/11868040,2024/02/25 0:40:00,1:53,"24,578"
第195位,1票,戦争マニア,https://www.nicovideo.jp/watch/sm43447077,れーずん,https://www.nicovideo.jp/user/131248587,2024/02/25 3:12:02,1:36,"20,228"
第195位,1票,WRSG,https://www.nicovideo.jp/watch/sm43451256,悪凛,https://www.nicovideo.jp/user/97558875,2024/02/25 22:15:03,2:12,"2,799"
第195位,1票,中澤裁判 ～ 視聴者弄びしざわっち,https://www.nicovideo.jp/watch/sm43457938,ゲストナルド,https://www.nicovideo.jp/user/96871390,2024/02/27 18:55:02,2:38,844
第195位,1票,遠の名は。　夢遠野,https://www.nicovideo.jp/watch/sm43459888,アラヌガワ,https://www.nicovideo.jp/user/129175436,2024/02/28 4:33:02,2:08,"4,118"
第195位,1票,bass2bassの音mad,https://www.nicovideo.jp/watch/sm43467439,バンダイナムコエンターテインメン,https://www.nicovideo.jp/user/131917076,2024/03/01 0:17:02,0:05,814
第195位,1票,ラブ&ピース　書類がなィーアー,https://www.nicovideo.jp/watch/sm43483946,ヌルダスティヌス,https://www.nicovideo.jp/user/33335884,2024/03/04 23:06:02,1:40,"70,871"
第195位,1票,オーバーEIKO,https://www.nicovideo.jp/watch/sm43490331,枝折り,https://www.nicovideo.jp/user/131900314,2024/03/06 18:11:02,1:30,"31,946"
第195位,1票,レイモンドミニ,https://www.nicovideo.jp/watch/sm43491241,餡砂糖,https://www.nicovideo.jp/user/56560368,2024/03/06 21:41:02,0:36,"1,789"
第195位,1票,ウルトラルーマー,https://www.nicovideo.jp/watch/sm43491397,わっつー,https://www.nicovideo.jp/user/96040263,2024/03/07 19:00:00,3:34,"36,046"
第195位,1票,太陽☀️,https://www.nicovideo.jp/watch/sm43491653,くにゃ,https://www.nicovideo.jp/user/122489096,2024/03/06 23:10:02,0:02,"2,650"
第195位,1票,名​取​さ​な おしり うんち おしっこ集,https://www.nicovideo.jp/watch/sm43491800,--,https://www.nicovideo.jp/user/28860967,2024/03/07 0:00:00,7:48,"29,875"
第195位,1票,おっきなぞーる,https://www.nicovideo.jp/watch/sm43492068,14行,https://www.nicovideo.jp/user/131072904,2024/03/07 0:51:02,0:58,"1,811"
第195位,1票,新婚ヒカキンが20億円ハウスで英単語ターゲットをやったらヤバすぎた…,https://www.nicovideo.jp/watch/sm43503012,丹波津,https://www.nicovideo.jp/user/81713892,2024/03/09 20:03:03,1:19,"13,115"
第195位,1票,ライアーホラーマン,https://www.nicovideo.jp/watch/sm43503626,えぬ,https://www.nicovideo.jp/user/117173754,2024/03/09 22:03:02,0:26,"2,350"
第195位,1票,ダイナモサーキュレーション2024,https://www.nicovideo.jp/watch/sm43509183,バンダイナムコエンターテインメン,https://www.nicovideo.jp/user/131917076,2024/03/11 0:00:02,1:29,376
第195位,1票,音　っ　割　れ　た,https://www.nicovideo.jp/watch/sm43512579,まどらー,https://www.nicovideo.jp/user/129001636,2024/03/11 21:37:02,1:29,"6,074"
第195位,1票,オーバーシュヴァル,https://www.nicovideo.jp/watch/sm43523450,ぴあ,https://www.nicovideo.jp/user/40213925,2024/03/14 20:59:02,1:28,"14,260"
第195位,1票,めっちゃ似てると思うんだけどどう？,https://www.nicovideo.jp/watch/sm43524598,バンダイナムコエンターテインメン,https://www.nicovideo.jp/user/131917076,2024/03/15 0:04:02,3:25,565
第195位,1票,きゅうくらりん　セックス,https://www.nicovideo.jp/watch/sm43526889,ご飯食うのに茶碗がない,https://www.nicovideo.jp/user/129195371,2024/03/15 18:00:00,0:12,"260,364"
第195位,1票,いわれなきわたてん,https://www.nicovideo.jp/watch/sm43527421,ますとも,https://www.nicovideo.jp/user/93198521,2024/03/16 0:00:00,1:36,"9,439"
第195位,1票,私的素材マニア,https://www.nicovideo.jp/watch/sm43527895,ニコ動用,https://www.nicovideo.jp/user/126442659,2024/03/15 21:09:02,1:08,"1,202"
第195位,1票,ライバル宣言 / 杉浦綾乃,https://www.nicovideo.jp/watch/sm43527948,草箱,https://www.nicovideo.jp/user/128377356,2024/03/16 0:00:00,1:21,"6,617"
第195位,1票,ばならー合作,https://www.nicovideo.jp/watch/sm43531548,ばなならーめん,https://www.nicovideo.jp/user/33255780,2024/03/16 21:00:00,17:11,"5,596"
第195位,1票,HUO HUO DANCE,https://www.nicovideo.jp/watch/sm43531638,wh,https://www.nicovideo.jp/user/127465097,2024/03/16 18:04:03,1:28,"7,245"
第195位,1票,小室圭デスコ,https://www.nicovideo.jp/watch/sm43532233,QJJJQ,https://www.nicovideo.jp/user/128296145,2024/03/16 20:10:02,0:48,444
第195位,1票,天国の塔が崩壊！,https://www.nicovideo.jp/watch/sm43533374,ャ二サ,https://www.nicovideo.jp/user/98087802,2024/03/17 1:03:00,0:45,"1,150"
第195位,1票,デカキン動画,https://www.nicovideo.jp/watch/sm43534400,,https://www.nicovideo.jp/user/127802628,2024/03/17 9:44:02,0:56,544
第195位,1票,ﾂﾓ,https://www.nicovideo.jp/watch/sm43535246,百合越地,https://www.nicovideo.jp/user/124235927,2024/03/17 14:18:02,3:45,861
第195位,1票,【合作】疾走ぺいんさんぶる,https://www.nicovideo.jp/watch/sm43537143,配送センター,https://www.nicovideo.jp/user/130143996,2024/03/17 20:57:02,3:40,"3,286"
第195位,1票,ピピエピ,https://www.nicovideo.jp/watch/sm43543667,おっぱい,https://www.nicovideo.jp/user/132235753,2024/03/19 13:16:02,3:57,936
第195位,1票,これをしてはいけないー ああいけないー,https://www.nicovideo.jp/watch/sm43544403,里芋の茎の甘酢煮,https://www.nicovideo.jp/user/94735011,2024/03/19 17:40:02,1:39,"2,721"
第195位,1票,stafolubilejji,https://www.nicovideo.jp/watch/sm43547329,回初帰,https://www.nicovideo.jp/user/124981906,2024/03/20 10:50:02,1:27,424
第195位,1票,卒り卒り,https://www.nicovideo.jp/watch/sm43551589,アンパンマンアンチスレ,https://www.nicovideo.jp/user/93409324,2024/03/21 3:18:02,2:00,"10,066"
第195位,1票,【真面目茂樹合作】otoMAJIMA-sambasis.tinko【七十歳】,https://www.nicovideo.jp/watch/sm43553892,みらっと,https://www.nicovideo.jp/user/97635081,2024/03/22 20:00:00,16:45,"23,130"
第195位,1票,おくすり飲ませて寝かそう,https://www.nicovideo.jp/watch/sm43555100,ざらめ,https://www.nicovideo.jp/user/117618096,2024/03/21 23:15:02,0:57,"52,654"
第195位,1票,ライアーバッサン,https://www.nicovideo.jp/watch/sm43555537,Lotus,https://www.nicovideo.jp/user/125361022,2024/03/22 0:27:03,1:38,"4,233"
第195位,1票,編集データ吹き飛びました,https://www.nicovideo.jp/watch/sm43561753,マテマティカ,https://www.nicovideo.jp/user/124607365,2024/03/22 23:46:02,1:40,"1,800"
第195位,1票,Clock Trick Adventure☆,https://www.nicovideo.jp/watch/sm43565567,ぶらん,https://www.nicovideo.jp/user/58721728,2024/03/23 19:54:03,1:15,"3,148"
第195位,1票,純神信仰,https://www.nicovideo.jp/watch/sm43580345,ないーぶ,https://www.nicovideo.jp/user/115952068,2024/03/27 0:16:02,1:45,"4,176"
第195位,1票,【マジー】ドラッグストア【作業用BGM】,https://www.nicovideo.jp/watch/sm43585446,aaaa,https://www.nicovideo.jp/user/123565739,2024/03/28 9:41:02,2:12:39,953
第195位,1票,ユニティー,https://www.nicovideo.jp/watch/sm43589330,枝折り,https://www.nicovideo.jp/user/131900314,2024/03/29 4:46:02,2:16,"4,009"
第195位,1票,骨のオトワレにご用心,https://www.nicovideo.jp/watch/sm43593176,カニムシャ,https://www.nicovideo.jp/user/91686866,2024/03/30 0:00:02,0:13,560
第195位,1票,好きな音割れ発表ホラーマン,https://www.nicovideo.jp/watch/sm43594710,Apollo ニコニコ,https://www.nicovideo.jp/user/126257843,2024/03/30 12:24:03,0:34,"1,197"
第195位,1票,時の回廊,https://www.nicovideo.jp/watch/sm43595792,ARounder,https://www.nicovideo.jp/user/132552125,2024/03/30 17:26:02,1:35,"1,242"
第195位,1票,メンタルチェンソーの中で叫ぶ喜多郁代,https://www.nicovideo.jp/watch/sm43597160,弁財天,https://www.nicovideo.jp/user/127214354,2024/03/30 22:00:00,2:19,"9,218"
第195位,1票,オヤシロ☆エアグラインド,https://www.nicovideo.jp/watch/sm43601164,◆％□,https://www.nicovideo.jp/user/95454252,2024/03/31 19:03:02,1:21,709
第195位,1票,あぎっとぞーん,https://www.nicovideo.jp/watch/sm43602032,きゅう,https://www.nicovideo.jp/user/92919560,2024/03/31 21:07:02,2:00,"2,515"
第195位,1票,ライアー先輩 やる気ないバージョン,https://www.nicovideo.jp/watch/sm43602115,ますとも,https://www.nicovideo.jp/user/93198521,2024/03/31 21:16:02,1:36,"10,826"
第195位,1票,Blue-Bang-Bang-Yuka,https://www.nicovideo.jp/watch/sm43628080,いそかまい,https://www.nicovideo.jp/user/87132038,2024/04/06 21:09:02,1:29,"74,188"
第195位,1票,ヒカマニのバカ通信　【音MAD】ヒカマニのフリーレン　勇者×ヒカマニ,https://www.nicovideo.jp/watch/sm43631224,S417M_キワミライショーグン,https://www.nicovideo.jp/user/92876145,2024/04/07 15:29:04,0:56,"1,043"
第195位,1票,枕がデカすぎルマ,https://www.nicovideo.jp/watch/sm43631947,弁財天,https://www.nicovideo.jp/user/127214354,2024/04/07 22:00:00,0:58,"211,498"
第195位,1票,アタリマエジャネェカラナ,https://www.nicovideo.jp/watch/sm43635672,てゐき,https://www.nicovideo.jp/user/119994475,2024/04/08 18:00:00,1:14,"5,725"
第195位,1票,でっかいチンポ,https://www.nicovideo.jp/watch/sm43649746,ご飯食うのに茶碗がない,https://www.nicovideo.jp/user/129195371,2024/04/12 12:58:02,1:03,"1,523"
第195位,1票,カラ松バグしてー!,https://www.nicovideo.jp/watch/sm43657743,瀞骨,https://www.nicovideo.jp/user/131035929,2024/04/14 10:30:03,0:27,"1,425"
第195位,1票,顔が再生,https://www.nicovideo.jp/watch/sm43660152,Ximco（ヒムコ）,https://www.nicovideo.jp/user/50136284,2024/04/20 0:00:00,2:31,"21,983"
第195位,1票,イインチョノ,https://www.nicovideo.jp/watch/sm43660548,イントナル森,https://www.nicovideo.jp/user/46145127,2024/04/14 21:21:03,2:09,"2,843"
第195位,1票,スターケンシー,https://www.nicovideo.jp/watch/sm43661138,文恵,https://www.nicovideo.jp/user/132447983,2024/04/14 22:54:02,1:22,"1,467"
第195位,1票,ぬ゛う゛う゛う゛う゛う゛う゛ん,https://www.nicovideo.jp/watch/sm43661508,test,https://www.nicovideo.jp/user/97862722,2024/04/15 0:07:02,1:30,"2,335"
第195位,1票,すずがなる,https://www.nicovideo.jp/watch/sm43680361,イカスミでカモン,https://www.nicovideo.jp/user/117435336,2024/04/19 23:14:02,0:25,917
第195位,1票,狂人解剖_【音MAD】ヒカマニのフリーレン　勇者×ヒカマニ,https://www.nicovideo.jp/watch/sm43681932,S417M_キワミライショーグン,https://www.nicovideo.jp/user/92876145,2024/04/20 11:13:02,0:55,761
第195位,1票,形式動画,https://www.nicovideo.jp/watch/sm43683439,ヒカドラ界隈の危機,https://www.nicovideo.jp/user/131026605,2024/04/20 19:08:02,1:46,"1,083"
第195位,1票,石破茂「まず、ラクリマとは...何か(ﾈｯﾄﾘ)」,https://www.nicovideo.jp/watch/sm43684548,ユビュちんちら,https://www.nicovideo.jp/user/14090495,2024/04/20 21:16:02,2:01,"2,534"
第195位,1票,オシャレース会場,https://www.nicovideo.jp/watch/sm43685756,まぐろ!（加治木魔愚炉）,https://www.nicovideo.jp/user/95253471,2024/04/21 1:25:03,1:15,733
第195位,1票,マインクラフト-マインクラフト-マインクラフト-マインクラフト,https://www.nicovideo.jp/watch/sm43697510,壱円,https://www.nicovideo.jp/user/69269344,2024/04/23 19:50:00,1:32,"30,990"
第195位,1票,あつまれ長月の森,https://www.nicovideo.jp/watch/sm43699438,Motoharu,https://www.nicovideo.jp/user/122969851,2024/04/24 7:00:02,1:10,186
第195位,1票,3の倍数と3が付く数字の小節のときだけやけくそになるプリムローズシヴァ,https://www.nicovideo.jp/watch/sm43714803,トイレが好きです,https://www.nicovideo.jp/user/126698404,2024/04/27 21:40:02,1:03,"2,434"
第195位,1票,Ditô2o,https://www.nicovideo.jp/watch/sm43715994,ちくわ型AI,https://www.nicovideo.jp/user/116473683,2024/04/29 23:05:00,1:39,"2,247"
第195位,1票,イケメンにBling-Bang-Bang-Bornを歌ってもらったよ,https://www.nicovideo.jp/watch/sm43720649,おすしすし,https://www.nicovideo.jp/user/117398461,2024/04/28 23:27:02,1:30,"84,524"
第195位,1票,しょう,https://www.nicovideo.jp/watch/sm43720697,ぢるん,https://www.nicovideo.jp/user/84951430,2024/04/29 0:00:00,1:40,"3,773"
第195位,1票,INin合作,https://www.nicovideo.jp/watch/sm43720796,あうぐめ,https://www.nicovideo.jp/user/120739442,2024/04/29 18:40:00,4:45,"2,838"
第195位,1票,【参加者募集】第200回音MAD晒しイベント記念合作 (仮),https://www.nicovideo.jp/watch/sm43721006,LEVEL6,https://www.nicovideo.jp/user/67081508,2024/04/29 0:35:03,1:40,"5,948"
第195位,1票,フリーダムプルートケツダイブ↓~再び蘇る天使とのケツワープ~,https://www.nicovideo.jp/watch/sm43721694,よつごい！,https://www.nicovideo.jp/user/128394893,2024/04/29 7:29:02,4:25,912
第195位,1票,【合作】淫ク☆コンピレーション2024【オールスター】,https://www.nicovideo.jp/watch/sm43724576,アンデス,https://www.nicovideo.jp/user/47716345,2024/04/30 19:19:00,10:14,"177,945"
第195位,1票,パルコ・フォルゴレ me！,https://www.nicovideo.jp/watch/sm43725014,岩鉄ハガネール,https://www.nicovideo.jp/user/45111275,2024/04/29 23:00:00,2:03,"8,044"
第195位,1票,舞浜シック,https://www.nicovideo.jp/watch/sm43725491,コサンジ,https://www.nicovideo.jp/user/27576055,2024/04/29 23:23:03,3:50,"4,229"
第195位,1票,黒塗り世界宛て股間,https://www.nicovideo.jp/watch/sm43725500,友達車,https://www.nicovideo.jp/user/132539194,2024/04/29 23:13:02,2:08,"3,005"
第195位,1票,Buchippaman Yaju,https://www.nicovideo.jp/watch/sm43725507,ざらめ,https://www.nicovideo.jp/user/117618096,2024/04/29 23:15:02,2:16,"70,203"
第195位,1票,（ライアーダンサー）クレイジーピーポー／友達にやったらやばかったSO　2,https://www.nicovideo.jp/watch/sm43725699,S417M_キワミライショーグン,https://www.nicovideo.jp/user/92876145,2024/04/29 23:44:02,1:53,"3,743"
第195位,1票,ちっちゃな宇沢,https://www.nicovideo.jp/watch/sm43726589,桃ノ内すもも,https://www.nicovideo.jp/user/64075568,2024/04/30 7:03:02,1:23,"13,382"
第195位,1票,ライアー天気予報です今日は槍が降るでしょう,https://www.nicovideo.jp/watch/sm43733695,死亡,https://www.nicovideo.jp/user/131674925,2024/05/01 21:53:02,1:50,"1,204"
第195位,1票,たくさんLADY,https://www.nicovideo.jp/watch/sm43734348,かきれ,https://www.nicovideo.jp/user/86188420,2024/05/02 0:12:02,1:29,"1,720"
第195位,1票,天国と郁代(笑),https://www.nicovideo.jp/watch/sm43734579,test,https://www.nicovideo.jp/user/97862722,2024/05/02 1:21:02,1:15,771
第195位,1票,次日朝仏,https://www.nicovideo.jp/watch/sm43738578,CIEL,https://www.nicovideo.jp/user/130134700,2024/05/03 0:01:03,1:20,728
第195位,1票,永遠のTomodachi Spirits,https://www.nicovideo.jp/watch/sm43741840,mega(目が),https://www.nicovideo.jp/user/63941082,2024/05/03 20:30:00,3:20,"11,853"
第195位,1票,jazznuri,https://www.nicovideo.jp/watch/sm43742281,"_ 、　”⁧｜,/・：",https://www.nicovideo.jp/user/95127441,2024/05/03 20:36:02,0:46,868
第195位,1票,お風呂沸かしてみた！,https://www.nicovideo.jp/watch/sm43745395,千里,https://www.nicovideo.jp/user/127474768,2024/05/04 14:38:02,0:11,"1,158"
第195位,1票,邪ー神ちゃん受ー信料はーらってるもんねーぴよザー,https://www.nicovideo.jp/watch/sm43747794,これヤバ,https://www.nicovideo.jp/user/126419378,2024/05/04 23:27:02,2:01,"1,243"
第195位,1票,危ない通り道はやめろ！,https://www.nicovideo.jp/watch/sm43748930,ご飯食うのに茶碗がない,https://www.nicovideo.jp/user/129195371,2024/05/05 19:00:00,5:33,"2,354"
第195位,1票,祝福,https://www.nicovideo.jp/watch/sm43749815,youtt6,https://www.nicovideo.jp/user/26209564,2024/05/05 12:59:03,1:35,"29,112"
第195位,1票,【合体】本格的レスリング合作　-GAY-,https://www.nicovideo.jp/watch/sm43751866,さはら,https://www.nicovideo.jp/user/25683331,2024/05/06 0:00:00,12:41,"14,416"
第195位,1票,ファイトクラブへようこそ,https://www.nicovideo.jp/watch/sm43751872,ちん,https://www.nicovideo.jp/user/31837529,2024/05/05 20:33:03,2:40,"2,471"
第195位,1票,No title,https://www.nicovideo.jp/watch/sm43753578,豪運,https://www.nicovideo.jp/user/121749630,2024/05/06 2:48:03,1:27,"1,696"
第195位,1票,⿰字見,https://www.nicovideo.jp/watch/sm43758311,Mix BadGun,https://www.nicovideo.jp/user/55085762,2024/05/07 0:52:02,1:32,"3,808"
第195位,1票,ファニイ,https://www.nicovideo.jp/watch/sm43765071,54k12,https://www.nicovideo.jp/user/43975618,2024/05/08 22:08:02,2:02,"46,321"
第195位,1票,⁣,https://www.nicovideo.jp/watch/sm43770739,ヒムりン,https://www.nicovideo.jp/user/10257082,2024/05/10 13:36:02,1:01,605
第195位,1票,イキスギ,https://www.nicovideo.jp/watch/sm43777098,コメット,https://www.nicovideo.jp/user/132544365,2024/05/11 22:22:02,0:35,"27,022"
第195位,1票,ヨンゴーヨンゴー,https://www.nicovideo.jp/watch/sm43777603,設点X,https://www.nicovideo.jp/user/125615947,2024/05/12 0:08:02,1:36,"4,070"
第195位,1票,ドヤコンガ,https://www.nicovideo.jp/watch/sm43781049,姉柿,https://www.nicovideo.jp/user/122398225,2024/05/13 1:43:02,2:45,"19,694"
第195位,1票,㋰責任集合体に絶望した！,https://www.nicovideo.jp/watch/sm43781080,あずまる,https://www.nicovideo.jp/user/53982649,2024/05/12 19:24:02,0:18,"11,442"
第195位,1票,／傷／,https://www.nicovideo.jp/watch/sm43786364,劣化,https://www.nicovideo.jp/user/95837671,2024/05/19 0:00:00,3:08,"1,770"
第195位,1票,Operation Arc-Light,https://www.nicovideo.jp/watch/sm43786511,Karashi,https://www.nicovideo.jp/user/88823664,2024/05/19 0:00:00,3:15,"1,699"
第195位,1票,DonaldZ-line-,https://www.nicovideo.jp/watch/sm43787016,鮭醤油,https://www.nicovideo.jp/user/67503481,2024/05/14 8:40:02,2:06,"1,874"
第195位,1票,Badたどころこうじ♪Apple!!,https://www.nicovideo.jp/watch/sm43795802,ニューロシスシティ,https://www.nicovideo.jp/user/127848413,2024/05/16 19:02:02,2:18,"13,586"
第195位,1票,オ〇ホ／まぞめすミカ,https://www.nicovideo.jp/watch/sm43799831,VitaL怪電波,https://www.nicovideo.jp/user/128470285,2024/05/18 0:00:00,1:05,"30,697"
第195位,1票,"!モッコリガヤバイ(?,",https://www.nicovideo.jp/watch/sm43801615,Y.むるか.S,https://www.nicovideo.jp/user/46766352,2024/05/19 19:00:00,2:01,"2,156"
第195位,1票,子どもは守るだけの対象ではなく 一人の人間である,https://www.nicovideo.jp/watch/sm43802763,メガペン,https://www.nicovideo.jp/user/32884460,2024/05/18 22:00:00,3:12,"2,064"
第195位,1票,そんなことは野実も知らない,https://www.nicovideo.jp/watch/sm43803962,Lixy,https://www.nicovideo.jp/user/90820019,2024/05/19 10:00:00,3:21,"2,338"
第195位,1票,インドア系ならトラックp.h.,https://www.nicovideo.jp/watch/sm43805293,結核,https://www.nicovideo.jp/user/78709263,2024/05/19 0:00:00,1:09,"5,202"
第195位,1票,うっせぇわ/Ado【オーバーライド】,https://www.nicovideo.jp/watch/sm43805522,水神小夜,https://www.nicovideo.jp/user/128048603,2024/05/18 23:17:02,0:20,"1,827"
第195位,1票,KABI TORI-CK,https://www.nicovideo.jp/watch/sm43808271,ruiji,https://www.nicovideo.jp/user/1118666,2024/05/19 17:05:04,2:27,"1,800"
第195位,1票,RUSH ユニ,https://www.nicovideo.jp/watch/sm43810614,SAND,https://www.nicovideo.jp/user/83801912,2024/05/19 23:26:02,2:21,"3,258"
第195位,1票,新世紀より愛をこめて,https://www.nicovideo.jp/watch/sm43810724,もちもちアンダルシア,https://www.nicovideo.jp/user/130180848,2024/05/19 23:46:02,3:30,883
第195位,1票,namigroove,https://www.nicovideo.jp/watch/sm43810878,絶望,https://www.nicovideo.jp/user/38929409,2024/05/20 0:25:02,3:19,"2,074"
第195位,1票,Windows 10900,https://www.nicovideo.jp/watch/sm43811276,劣等星,https://www.nicovideo.jp/user/56581315,2024/05/20 2:56:02,2:21,"1,163"
第195位,1票,WHA / マヤノトップガン,https://www.nicovideo.jp/watch/sm43812304,鮭醤油,https://www.nicovideo.jp/user/67503481,2024/05/20 20:00:00,2:03,"4,995"
第195位,1票,Inner Shupirit,https://www.nicovideo.jp/watch/sm43812714,キャベツ,https://www.nicovideo.jp/user/11862287,2024/05/20 21:00:00,2:00,"1,401"
第195位,1票,神速神動画,https://www.nicovideo.jp/watch/sm43815438,アマハム2,https://www.nicovideo.jp/user/78033314,2024/05/21 21:00:00,2:22,"1,839"
第195位,1票,稲田姫様に通報するから,https://www.nicovideo.jp/watch/sm43817647,ますとも,https://www.nicovideo.jp/user/93198521,2024/05/21 21:36:03,0:47,"9,349"
第195位,1票,兵庫県豊岡市城崎町2000,https://www.nicovideo.jp/watch/sm43818746,川端康成,https://www.nicovideo.jp/user/116793747,2024/05/22 3:12:02,1:16,"2,114"
第195位,1票,タマ手箱,https://www.nicovideo.jp/watch/sm43824709,阿慈谷ヒフミ,https://www.nicovideo.jp/user/121037177,2024/05/23 22:00:00,1:41,"1,905"
第195位,1票,プリンを、二つも食べちゃいます！,https://www.nicovideo.jp/watch/sm43828671,マイドライブ,https://www.nicovideo.jp/user/129625610,2024/05/24 21:40:02,1:37,"13,303"
第195位,1票,危険な,https://www.nicovideo.jp/watch/sm43831113,フルーツオ・レ,https://www.nicovideo.jp/user/130771634,2024/05/25 16:03:02,1:55,461
第195位,1票,レインボーウリ狂ーズ,https://www.nicovideo.jp/watch/sm43832568,カラーひよこ,https://www.nicovideo.jp/user/62386144,2024/05/25 19:42:02,1:33,"50,434"
第195位,1票,実写版 信号機の拳,https://www.nicovideo.jp/watch/sm43838696,足立,https://www.nicovideo.jp/user/6683380,2024/05/27 0:19:03,0:39,512
第195位,1票,ドナドナユカイ,https://www.nicovideo.jp/watch/sm43844190,ちたん,https://www.nicovideo.jp/user/133046802,2024/05/28 17:02:02,1:05,392
第195位,1票,足を引っ張ったら殺す,https://www.nicovideo.jp/watch/sm43849268,霚.,https://www.nicovideo.jp/user/133129163,2024/05/29 22:28:02,0:38,"8,792"
第195位,1票,宇沢レイサ合作 ～おまかせくだ祭～,https://www.nicovideo.jp/watch/sm43850004,四月一日,https://www.nicovideo.jp/user/53559097,2024/05/31 0:00:00,9:50,"100,939"
第195位,1票,できるじゃない,https://www.nicovideo.jp/watch/sm43857894,お代目アカウント,https://www.nicovideo.jp/user/118951951,2024/06/01 0:00:00,1:16,"1,701"
第195位,1票,ダイヤモンドダストは砕けないですっ,https://www.nicovideo.jp/watch/sm43862823,三好夏凜,https://www.nicovideo.jp/user/86853291,2024/06/02 0:45:02,0:27,390
第195位,1票,ホシホシ,https://www.nicovideo.jp/watch/sm43863250,さの,https://www.nicovideo.jp/user/53446367,2024/06/02 12:00:00,4:30,"14,688"
第195位,1票,ネイマーダンサー,https://www.nicovideo.jp/watch/sm43866606,やかましい内臓,https://www.nicovideo.jp/user/128392059,2024/06/02 20:49:02,1:39,"4,442"
第195位,1票,ドクターよしお②,https://www.nicovideo.jp/watch/sm43866668,えだまめのたまご,https://www.nicovideo.jp/user/89261991,2024/06/02 20:58:02,0:39,"1,092"
第195位,1票,Bocchi Step Adventure☆,https://www.nicovideo.jp/watch/sm43872321,メガペン,https://www.nicovideo.jp/user/32884460,2024/06/06 0:00:00,2:02,"6,215"
第195位,1票,自警団のスーパースターダストメドレー,https://www.nicovideo.jp/watch/sm43874984,もすもす,https://www.nicovideo.jp/user/49042183,2024/06/04 23:48:03,1:20,"18,593"
第195位,1票,でけえー,https://www.nicovideo.jp/watch/sm43880872,yith,https://www.nicovideo.jp/user/58391210,2024/06/06 17:18:02,2:18,"2,332"
第195位,1票,ときめきふーみんの就活♪,https://www.nicovideo.jp/watch/sm43886051,雪國,https://www.nicovideo.jp/user/87498450,2024/06/07 20:34:04,1:29,"1,072"
第195位,1票,Anchovy Kung-fu Revival,https://www.nicovideo.jp/watch/sm43887741,わようかん,https://www.nicovideo.jp/user/54159974,2024/08/05 15:07:03,2:08,"2,538"
第195位,1票,マイマイエイロン,https://www.nicovideo.jp/watch/sm43887870,英論,https://www.nicovideo.jp/user/130833799,2024/08/05 19:19:00,2:22,354
第195位,1票,これ□□□□か？,https://www.nicovideo.jp/watch/sm43887885,covert,https://www.nicovideo.jp/user/61811319,2024/08/05 15:15:07,1:35,"1,782"
第195位,1票,おまんこ犯して寝よう,https://www.nicovideo.jp/watch/sm43888233,飽和水溶液,https://www.nicovideo.jp/user/128662810,2024/08/05 15:19:06,0:44,"22,297"
第195位,1票,運命,https://www.nicovideo.jp/watch/sm43888867,しんじん,https://www.nicovideo.jp/user/117277052,2024/08/05 15:37:04,1:29,"7,798"
第195位,1票,BEMYBABY,https://www.nicovideo.jp/watch/sm43889130,日本貧乳協会,https://www.nicovideo.jp/user/98892477,2024/08/05 15:47:07,2:19,"175,476"
第195位,1票,ユルミルアカリ,https://www.nicovideo.jp/watch/sm43891763,ドドンゴドンドリアンヌ,https://www.nicovideo.jp/user/131477767,2024/08/05 20:00:00,2:04,"2,662"
第195位,1票,胡散の貼っまり,https://www.nicovideo.jp/watch/sm43892096,◆％□,https://www.nicovideo.jp/user/95454252,2024/08/05 16:46:10,3:22,698
第195位,1票,おはよーござい-MASHLE-,https://www.nicovideo.jp/watch/sm43894752,なっと,https://www.nicovideo.jp/user/70709356,2024/08/05 20:00:00,1:28,264
第195位,1票,ﾔｼﾞｭｾﾝﾊﾟｲｲｷｽｷﾞﾝｲｸｲｸｱｯｱｯｱｯｱｰﾔﾘﾏｽﾈ I'm so Happy,https://www.nicovideo.jp/watch/sm43895657,GainA,https://www.nicovideo.jp/user/57912122,2024/08/05 20:05:14,1:50,"15,815"
第195位,1票,不透明前夜,https://www.nicovideo.jp/watch/sm43897895,風野灯織,https://www.nicovideo.jp/user/119163275,2024/08/05 19:00:00,2:10,"20,848"
第195位,1票,伊地知ニジカ宣言,https://www.nicovideo.jp/watch/sm43899941,test,https://www.nicovideo.jp/user/97862722,2024/08/05 21:28:32,1:20,"2,398"
第195位,1票,散り散り,https://www.nicovideo.jp/watch/sm43901384,カリビアソコム,https://www.nicovideo.jp/user/125211704,2024/08/06 0:01:57,1:47,388
第195位,1票,うへ～…動いてないのに飛び跳ねるよ～…,https://www.nicovideo.jp/watch/sm43901855,大好きクラブ,https://www.nicovideo.jp/user/64924825,2024/08/05 21:40:09,2:07,"16,181"
第195位,1票,みそマニア,https://www.nicovideo.jp/watch/sm43904181,丹波津,https://www.nicovideo.jp/user/81713892,2024/08/05 21:44:16,1:01,"1,298"
第195位,1票,ホワット・マキシマイザー,https://www.nicovideo.jp/watch/sm43904366,ARounder,https://www.nicovideo.jp/user/132552125,2024/08/05 21:52:12,1:15,"2,120"
第195位,1票,家族売りの少女,https://www.nicovideo.jp/watch/sm43911736,芋タルト,https://www.nicovideo.jp/user/64703247,2024/08/06 3:34:03,2:17,"2,426"
第195位,1票,CULT LIMIT【T.M.Y.Revolution】,https://www.nicovideo.jp/watch/sm43912762,河兎,https://www.nicovideo.jp/user/96467397,2024/08/17 0:00:00,1:30,687
第195位,1票,The Donalding paradise,https://www.nicovideo.jp/watch/sm43917641,010鰤,https://www.nicovideo.jp/user/121779257,2024/08/06 19:00:00,1:47,"3,281"
第195位,1票,感動する真島茂樹合作８ンコ,https://www.nicovideo.jp/watch/sm43930092,みらっと,https://www.nicovideo.jp/user/97635081,2024/08/08 20:00:00,3:58:11,"16,522"
第195位,1票,堂島のジョーリューサイド,https://www.nicovideo.jp/watch/sm43931237,ゲストのかめ,https://www.nicovideo.jp/user/116762099,2024/08/08 12:41:03,0:57,249
第195位,1票,しんじゃうの星,https://www.nicovideo.jp/watch/sm43933720,mega(目が),https://www.nicovideo.jp/user/63941082,2024/08/08 20:15:04,1:46,452
第195位,1票,ねずっち集合,https://www.nicovideo.jp/watch/sm43934297,ぽっぽっぽっぽ,https://www.nicovideo.jp/user/122328585,2024/08/08 21:16:03,0:43,413
第195位,1票,見たらクふビデオ,https://www.nicovideo.jp/watch/sm43935338,多幸定理（2018/8/24〜）,https://www.nicovideo.jp/user/84578525,2024/08/09 0:00:00,0:31,"1,498"
第195位,1票,蒸気発電,https://www.nicovideo.jp/watch/sm43940923,新田メイ,https://www.nicovideo.jp/user/60077038,2024/08/09 23:27:03,0:52,308
第195位,1票,ファタール☆,https://www.nicovideo.jp/watch/sm43940950,メイン,https://www.nicovideo.jp/user/134138892,2024/08/10 0:00:05,1:31,"80,020"
第195位,1票,【おもしろ動画】イガク【ニコニコ動画】,https://www.nicovideo.jp/watch/sm43940976,阿慈谷ヒフミ,https://www.nicovideo.jp/user/121037177,2024/08/09 23:32:04,1:25,"1,463"
第195位,1票,♿THE 19's MOMENTUM♿,https://www.nicovideo.jp/watch/sm43943075,FFFanwen,https://www.nicovideo.jp/user/46026795,2024/08/10 10:40:03,1:48,907
第195位,1票,パンこげこげになっちゃったよ,https://www.nicovideo.jp/watch/sm43947386,リン玉星,https://www.nicovideo.jp/user/97404681,2024/08/10 23:35:08,0:44,"1,137"
第195位,1票,鮫.mp4,https://www.nicovideo.jp/watch/sm43950732,mega(目が),https://www.nicovideo.jp/user/63941082,2024/08/11 17:13:03,2:06,"1,301"
第195位,1票,あ、後藤さん踊ってない夜を知らなくていいよ～,https://www.nicovideo.jp/watch/sm43951055,枝折り,https://www.nicovideo.jp/user/131900314,2024/08/11 18:10:00,1:19,"85,859"
第195位,1票,マンコ通信,https://www.nicovideo.jp/watch/sm43955683,やや嵐,https://www.nicovideo.jp/user/131766053,2024/08/23 0:00:00,1:15,"3,622"
第195位,1票,花海咲季(｀・ω・´),https://www.nicovideo.jp/watch/sm43956229,たこーちき,https://www.nicovideo.jp/user/95288566,2024/08/12 20:00:00,1:39,"6,003"
第195位,1票,【月村手毬】5kgオーバーライド【瘦せるべき】,https://www.nicovideo.jp/watch/sm43956249,たこーちき,https://www.nicovideo.jp/user/95288566,2024/08/12 20:00:00,1:28,"117,626"
第195位,1票,Uuum-no-onimotsu,https://www.nicovideo.jp/watch/sm43958609,Rinsaku,https://www.nicovideo.jp/user/38290845,2024/08/13 2:16:03,0:48,654
第195位,1票,オシビ,https://www.nicovideo.jp/watch/sm43959882,古々古 八九,https://www.nicovideo.jp/user/95915841,2024/08/13 13:29:03,2:20,"1,181"
第195位,1票,情熱の赤い薔薇。そして、ジェラシイ,https://www.nicovideo.jp/watch/sm43960341,No25にゃ介,https://www.nicovideo.jp/user/126916439,2024/08/13 15:42:03,1:34,"21,886"
第195位,1票,9×16,https://www.nicovideo.jp/watch/sm43978975,aiu^^,https://www.nicovideo.jp/user/70159800,2024/08/17 0:00:00,0:46,"7,651"
第195位,1票,馬車芽ばしゃめバシャメばしゃメバしゃめバシャめばしゃメの田んぼもー,https://www.nicovideo.jp/watch/sm43979003,けさぶれ,https://www.nicovideo.jp/user/125610576,2024/08/17 0:00:00,1:06,"5,284"
第195位,1票,世界一夜に駆ける飲み物『ヨアソビ』 -The best in to the night juice 『Yoasobi』-,https://www.nicovideo.jp/watch/sm43979590,おしごり,https://www.nicovideo.jp/user/104142119,2024/08/17 0:08:03,1:57,576
第195位,1票,【合作】裸単騎合作 【音MAD -IBE-】,https://www.nicovideo.jp/watch/sm43979839,御花なお,https://www.nicovideo.jp/user/128668355,2024/08/18 20:20:00,12:54,"19,200"
第195位,1票,basyame,https://www.nicovideo.jp/watch/sm43984474,チャッカマン,https://www.nicovideo.jp/user/116613146,2024/08/17 22:08:03,1:10,"2,039"
第195位,1票,きゅうくらりん,https://www.nicovideo.jp/watch/sm43986763,Moltern,https://www.nicovideo.jp/user/131968889,2024/08/18 11:50:03,0:59,585
第195位,1票,再開,https://www.nicovideo.jp/watch/sm43988110,軽(かる),https://www.nicovideo.jp/user/131379975,2024/08/18 16:19:05,2:30,"1,057"
第195位,1票,かりふぉ,https://www.nicovideo.jp/watch/sm43996569,ゲスト,https://www.nicovideo.jp/user/81520486,2024/08/20 14:51:03,1:01,"24,047"
第195位,1票,カリフォのリズムを知ってるかい？,https://www.nicovideo.jp/watch/sm44001658,多幸定理（2018/8/24〜）,https://www.nicovideo.jp/user/84578525,2024/08/21 19:00:00,0:33,"6,982"
第195位,1票,【ゼンゼロMAD】スターライト、ここに輝く,https://www.nicovideo.jp/watch/sm44007058,猫背,https://www.nicovideo.jp/user/64420321,2024/08/22 21:00:00,1:05,"2,292"
第195位,1票,basyame,https://www.nicovideo.jp/watch/sm44008202,よう,https://www.nicovideo.jp/user/82783446,2024/08/22 23:41:03,0:43,998
第195位,1票,不滅のA子1,https://www.nicovideo.jp/watch/sm44012058,Dupont,https://www.nicovideo.jp/user/133038911,2024/08/23 20:51:03,0:29,147
第195位,1票,オナニーライド,https://www.nicovideo.jp/watch/sm44015736,けんにょう,https://www.nicovideo.jp/user/115884713,2024/08/24 19:22:03,1:31,"129,069"
第195位,1票,部屋に照らされた遺言,https://www.nicovideo.jp/watch/sm44018459,神田川,https://www.nicovideo.jp/user/130701815,2024/08/25 1:55:03,1:32,280
第195位,1票,Cubyrop Town,https://www.nicovideo.jp/watch/sm44018635,かきれ,https://www.nicovideo.jp/user/86188420,2024/08/25 3:13:03,2:52,"1,417"
第195位,1票,BigYajue.mp24,https://www.nicovideo.jp/watch/sm44020149,メイン,https://www.nicovideo.jp/user/134138892,2024/08/25 13:31:03,1:26,"68,326"
第195位,1票,240824_#inca0824_M.A.D_DJ set,https://www.nicovideo.jp/watch/sm44026548,水無月☆★,https://www.nicovideo.jp/user/25521306,2024/08/26 22:08:03,44:36,791
第195位,1票,ほくほくのジャガ芋デイズだね,https://www.nicovideo.jp/watch/sm44027250,ろたにとロロノ,https://www.nicovideo.jp/user/122691359,2024/08/27 1:00:00,1:32,"7,791"
第195位,1票,学マスで葛城リーリヤが全裸になるバグが発見される！？【学園アイドルマスター】,https://www.nicovideo.jp/watch/sm44030043,JR根岸線「関内駅」から徒歩5分,https://www.nicovideo.jp/user/6070737,2024/08/27 20:15:04,1:39,"157,788"
第195位,1票,動画説明文要必読ZONE,https://www.nicovideo.jp/watch/sm44031758,川端康成,https://www.nicovideo.jp/user/116793747,2024/08/28 5:15:03,1:48,"2,840"
第195位,1票,【合作】十六夜ノノミ誕生祭～三秋のウィッシュリスト～,https://www.nicovideo.jp/watch/sm44040818,Okakali,https://www.nicovideo.jp/user/118116220,2024/09/01 0:00:00,13:28,"58,068"
第195位,1票,超投稿予告編,https://www.nicovideo.jp/watch/sm44051828,Theas,https://www.nicovideo.jp/user/68814922,2024/09/01 20:00:00,4:31,"54,014"
第195位,1票,【合作】OTOMAHJONG CAPRICCIOSO【音麻雀】,https://www.nicovideo.jp/watch/sm44053266,足立,https://www.nicovideo.jp/user/6683380,2024/09/01 19:45:00,7:43,"26,163"
第195位,1票,先生、ちょっとブルーアーカイブでPanic!Pop'n!Picnic!に行きませんか？,https://www.nicovideo.jp/watch/sm44053638,そぷら,https://www.nicovideo.jp/user/75765337,2024/09/01 20:24:03,0:22,782
第195位,1票,MH,https://www.nicovideo.jp/watch/sm44054396,ますとも,https://www.nicovideo.jp/user/93198521,2024/09/09 0:00:00,0:56,"4,635"
第195位,1票,エビ揉め（米津玄師）,https://www.nicovideo.jp/watch/sm44060842,だいふく／ふもこ,https://www.nicovideo.jp/user/30342577,2024/09/03 18:59:02,0:35,"682,870"
第195位,1票,王道を征く田はるき、です！,https://www.nicovideo.jp/watch/sm44062451,つな,https://www.nicovideo.jp/user/115665441,2024/09/21 19:00:00,1:09,"5,913"
第195位,1票,basyame,https://www.nicovideo.jp/watch/sm44064356,里芋の茎の甘酢煮,https://www.nicovideo.jp/user/94735011,2024/09/04 18:43:04,0:48,"5,772"
第195位,1票,ふじふじ,https://www.nicovideo.jp/watch/sm44068689,なまず,https://www.nicovideo.jp/user/121561350,2024/09/05 21:14:03,3:31,"9,762"
第195位,1票,サイゼ来た合作 Part 1/3,https://www.nicovideo.jp/watch/sm44075355,頬蜂Project,https://www.nicovideo.jp/user/91038960,2024/09/07 23:00:00,29:29,"8,631"
第195位,1票,"フォニイ（2,000円）",https://www.nicovideo.jp/watch/sm44076360,ムーチルバ・ボイボイ,https://www.nicovideo.jp/user/129549611,2024/09/07 20:06:03,3:32,"6,737"
第195位,1票,鉄腕はな,https://www.nicovideo.jp/watch/sm44079417,泣き猫工場,https://www.nicovideo.jp/user/129834455,2024/09/08 15:25:03,1:31,"2,234"
第195位,1票,ただこえになる,https://www.nicovideo.jp/watch/sm44080451,凍凍蜜柑,https://www.nicovideo.jp/user/131076355,2024/09/08 19:05:03,0:45,282
第195位,1票,ハミダシタイ！姫宮莉波ヒコラボ、開催中よ！生徒会、全員集合！しかも、イベントはclumsy trick！ただのお姉ちゃんには興味ありません！アイドル型青春体験ゲーム、学園アイドルマスター！今なら、エビ,https://www.nicovideo.jp/watch/sm44083803,ここすき,https://www.nicovideo.jp/user/40204091,2024/09/09 20:09:00,1:51,"5,619"
第195位,1票,(ﾟ∀ﾟ)o彡゜らいあー！だんさー！,https://www.nicovideo.jp/watch/sm44098231,Theas,https://www.nicovideo.jp/user/68814922,2024/09/13 20:00:00,2:33,"23,251"
第195位,1票,さよならフライデーナイト,https://www.nicovideo.jp/watch/sm44098274,cloudy,https://www.nicovideo.jp/user/81549982,2024/09/14 0:00:00,0:55,"1,597"
第195位,1票,オーバーブタ,https://www.nicovideo.jp/watch/sm44103549,Shrinking Empire,https://www.nicovideo.jp/user/118515479,2024/09/14 23:31:03,1:19,"1,313"
第195位,1票,ゴー・トゥ・セレナ,https://www.nicovideo.jp/watch/sm44103844,Tatsuya,https://www.nicovideo.jp/user/53533497,2024/09/15 0:42:03,0:17,265
第195位,1票,basyame,https://www.nicovideo.jp/watch/sm44105393,斬月丸(悪魔城のすがた),https://www.nicovideo.jp/user/79333163,2024/09/15 13:53:03,1:51,284
第195位,1票,イガク仁菜がフィギュアになります！,https://www.nicovideo.jp/watch/sm44110555,VitaL怪電波,https://www.nicovideo.jp/user/128470285,2024/09/16 19:00:00,1:35,"5,809"
第195位,1票,パンがTeriqmaなこと知ってるよ！！,https://www.nicovideo.jp/watch/sm44111729,トリドリドル,https://www.nicovideo.jp/user/52335005,2024/09/16 21:21:04,2:11,"3,436"
第195位,1票,アーン物,https://www.nicovideo.jp/watch/sm44112985,メイン,https://www.nicovideo.jp/user/134138892,2024/09/17 3:25:03,1:07,"5,752"
第195位,1票,110、弱らの街.イボナシイボアリ,https://www.nicovideo.jp/watch/sm44115103,遠野の世界,https://www.nicovideo.jp/user/60792198,2024/09/17 20:59:04,2:03,"18,097"
第195位,1票,ぼっちたちが金星でダンスするようです,https://www.nicovideo.jp/watch/sm44116227,若干,https://www.nicovideo.jp/user/124239433,2024/09/18 2:45:03,1:43,"3,316"
第195位,1票,パープルコ゜ッメット,https://www.nicovideo.jp/watch/sm44117506,カラーひよこ,https://www.nicovideo.jp/user/62386144,2024/09/18 17:20:05,2:08,"39,627"
第195位,1票,少女百合葬 ~ Ohmuro-Fantasy,https://www.nicovideo.jp/watch/sm44122355,ドドンゴドンドリアンヌ,https://www.nicovideo.jp/user/131477767,2024/09/20 0:30:00,3:45,"2,346"
第195位,1票,高性こうせコウセこうセコうせコウせこウセここ高性能ですから！,https://www.nicovideo.jp/watch/sm44123605,鮫ドラゴン,https://www.nicovideo.jp/user/91097868,2024/09/21 1:00:00,0:38,"3,234"
第195位,1票,バもちたまてに駆けグ,https://www.nicovideo.jp/watch/sm44125233,阿慈谷ヒフミ,https://www.nicovideo.jp/user/121037177,2024/09/21 0:00:00,1:08,"2,343"
第195位,1票,らき☆すたビート【音MAD】,https://www.nicovideo.jp/watch/sm44136709,とそちか,https://www.nicovideo.jp/user/46721826,2024/09/23 19:55:00,1:38,"1,774"
第195位,1票,まっカなリフォ,https://www.nicovideo.jp/watch/sm44138206,KMR(キモリ),https://www.nicovideo.jp/user/65164477,2024/09/23 22:28:05,2:07,"21,309"
第195位,1票,【音MAD】UNDEAD【マメパトかわいい】,https://www.nicovideo.jp/watch/sm44139110,もどり鰹,https://www.nicovideo.jp/user/52881187,2024/09/24 6:01:00,3:09,"3,566"
第195位,1票,映画音MADオムニバス,https://www.nicovideo.jp/watch/sm44141504,コサンジ,https://www.nicovideo.jp/user/27576055,2024/09/25 21:00:00,20:21,"9,523"
第195位,1票,アラジンのヒーローアカデミア,https://www.nicovideo.jp/watch/sm44151504,ハウステンボス,https://www.nicovideo.jp/user/86291784,2024/09/27 22:00:00,2:44,"2,506"
第195位,1票,【合作】Float the illusion of faith ~ 激昂的信浓交响曲 ~ 浮匿于幻之信仰【久本诞生祭'24】【再投稿】,https://www.nicovideo.jp/watch/sm44152571,こばと,https://www.nicovideo.jp/user/128146694,2024/09/28 3:24:03,11:33,967
第195位,1票,【作業用BGM】テンションあがるｗ ちっちゃな私／重音テトSV←違法サンプリングです() 《NIGHTCORE✨》野獣先輩動画　死亡シーン集 【これセカイ系だろォ…笑笑】,https://www.nicovideo.jp/watch/sm44152646,ぇろｙ,https://www.nicovideo.jp/user/131594829,2024/09/28 4:18:03,1:03,"1,782"
第195位,1票,ブクバャーダース,https://www.nicovideo.jp/watch/sm44153926,八十島ゴアテックス,https://www.nicovideo.jp/user/72606115,2024/09/28 15:15:03,0:39,467
第195位,1票,スーパーウルトラハイパーミラクルお姉ちゃ～～～～～～～～～んっ！,https://www.nicovideo.jp/watch/sm44163536,010鰤,https://www.nicovideo.jp/user/121779257,2024/09/30 20:00:00,1:32,"89,343"
第195位,1票,めざせなめとるヤツラー,https://www.nicovideo.jp/watch/sm44164322,ニューロシスシティ,https://www.nicovideo.jp/user/127848413,2024/09/30 22:23:06,2:04,"1,430"
第195位,1票,富士サファリホール,https://www.nicovideo.jp/watch/sm44168554,にす,https://www.nicovideo.jp/user/88819378,2024/10/02 2:12:03,1:26,"200,022"
第195位,1票,後藤後藤,https://www.nicovideo.jp/watch/sm44169291,海绵宝宝宇月儿,https://www.nicovideo.jp/user/125208396,2024/10/02 13:12:03,4:36,"4,426"
第195位,1票,【ytpmv】ノリスケ死のテーマ,https://www.nicovideo.jp/watch/sm44172489,ゲスト,https://www.nicovideo.jp/user/81520486,2024/10/03 12:06:08,0:50,"1,286"
第195位,1票,キタ／けっそくベア,https://www.nicovideo.jp/watch/sm44180018,ご飯食うのに茶碗がない,https://www.nicovideo.jp/user/129195371,2024/10/05 18:00:00,1:22,"7,089"
第195位,1票,AegiSCE,https://www.nicovideo.jp/watch/sm44181925,灰色マテリアル,https://www.nicovideo.jp/user/42324428,2024/10/06 0:00:00,1:47,"2,357"
第195位,1票,LOTTE 爽 Wラムネ ソーダ＆グレープ,https://www.nicovideo.jp/watch/sm44186502,Ximco（ヒムコ）,https://www.nicovideo.jp/user/50136284,2024/10/06 23:37:04,1:54,"3,394"
第195位,1票,ろりろり,https://www.nicovideo.jp/watch/sm44190123,ラプソーン,https://www.nicovideo.jp/user/70743324,2024/10/08 0:37:03,4:36,"2,460"
第195位,1票,キチガイレコード反精気のメドレー ～お許しくだ祭2024～【チャー研合作】,https://www.nicovideo.jp/watch/sm44198779,チャー研投稿祭,https://www.nicovideo.jp/user/68887158,2024/10/11 21:00:00,14:33,"55,425"
第195位,1票,きゅ,https://www.nicovideo.jp/watch/sm44200758,〃〃,https://www.nicovideo.jp/user/116966366,2024/10/11 1:50:03,1:03,882
第195位,1票,ロコロコブルーアーカイブ,https://www.nicovideo.jp/watch/sm44207098,ダスト,https://www.nicovideo.jp/user/15059879,2024/10/12 20:23:04,1:00,"1,830"
第195位,1票,グッバイ水神 / フリーナ███:,https://www.nicovideo.jp/watch/sm44209061,la,https://www.nicovideo.jp/user/132466249,2024/10/13 12:00:04,1:20,"2,052"
第195位,1票,カーリーフォニー,https://www.nicovideo.jp/watch/sm44211341,外湯,https://www.nicovideo.jp/user/32615181,2024/10/13 21:22:00,0:45,"55,011"
第195位,1票,よゐこの無人島でテレキャスタービーボーイ生活,https://www.nicovideo.jp/watch/sm44215713,Code011,https://www.nicovideo.jp/user/84267583,2024/10/14 23:08:03,1:13,"1,660"
第195位,1票,【合作】益一哉学長生誕70周年記念合作～創り拓く理系人たれ～,https://www.nicovideo.jp/watch/sm44224790,ウボナニス,https://www.nicovideo.jp/user/117511714,2024/10/17 20:44:03,11:36,"3,550"
第195位,1票,取りに駆ける,https://www.nicovideo.jp/watch/sm44228397,九連天和,https://www.nicovideo.jp/user/118470511,2024/10/19 0:00:00,1:47,"13,398"
第195位,1票,姫ゅ坂坂坂坂ずむ,https://www.nicovideo.jp/watch/sm44232693,聖なるバリア －ミラーフォース－,https://www.nicovideo.jp/user/38110073,2024/10/20 0:00:00,1:47,"4,418"
第195位,1票,#,https://www.nicovideo.jp/watch/sm44232762,SAND,https://www.nicovideo.jp/user/83801912,2024/10/20 0:15:03,2:53,"1,434"
第195位,1票,DOKKILi「まるで」,https://www.nicovideo.jp/watch/sm44233612,S417M_キワミライショーグン,https://www.nicovideo.jp/user/92876145,2024/10/20 9:22:03,0:51,679
第195位,1票,人メシア,https://www.nicovideo.jp/watch/sm44235345,文匿明,https://www.nicovideo.jp/user/124354271,2024/10/20 18:29:03,1:08,"6,744"
第195位,1票,%゛く゛,https://www.nicovideo.jp/watch/sm44236480,こけし,https://www.nicovideo.jp/user/57467047,2024/10/20 22:23:03,3:04,"1,713"
第195位,1票,宇沢ルマレイサ【音声＆映像構成(だれか映像お願いします)】,https://www.nicovideo.jp/watch/sm44236604,ニューロシスシティ,https://www.nicovideo.jp/user/127848413,2024/10/20 22:44:03,1:29,"2,046"
第195位,1票,【音mad♪】暇かよわっしょい,https://www.nicovideo.jp/watch/sm44238169,Lolicon-Kin,https://www.nicovideo.jp/user/127955495,2024/10/21 14:30:04,2:05,276
第195位,1票,あさやけもゆうやけもないのにママ怒る♪,https://www.nicovideo.jp/watch/sm44242752,pmnt,https://www.nicovideo.jp/user/134585324,2024/10/22 22:42:03,0:51,"1,214"
第195位,1票,ニョレイ / nyorey - はんじょう,https://www.nicovideo.jp/watch/sm44245420,偽戯疑猫,https://www.nicovideo.jp/user/127065005,2024/10/23 20:35:03,1:21,481
第195位,1票,M.C. Ronald was her?,https://www.nicovideo.jp/watch/sm44249080,劣等星,https://www.nicovideo.jp/user/56581315,2024/10/24 22:42:03,0:23,"9,072"
第195位,1票,DOKKILi「ホモに化ける」,https://www.nicovideo.jp/watch/sm44251084,S417M_キワミライショーグン,https://www.nicovideo.jp/user/92876145,2024/10/25 16:48:03,1:16,855
第195位,1票,ダブチ機能,https://www.nicovideo.jp/watch/sm44251182,もっちゃん,https://www.nicovideo.jp/user/44548081,2024/10/25 17:21:03,0:24,"25,629"
第195位,1票,ばしゃめアイロニー,https://www.nicovideo.jp/watch/sm44254112,トッシー,https://www.nicovideo.jp/user/132706463,2024/10/26 12:56:03,0:45,660
第195位,1票,デコ通信,https://www.nicovideo.jp/watch/sm44264644,けさぶれ,https://www.nicovideo.jp/user/125610576,2024/10/30 0:00:00,1:18,"3,401"
第195位,1票,test,https://www.nicovideo.jp/watch/sm44264752,大室花子,https://www.nicovideo.jp/user/135571589,2024/10/29 13:02:03,1:30,436
第195位,1票,バカタレ合作　【真面目VSバカタレ合作　バカタレ】,https://www.nicovideo.jp/watch/sm44265504,赤毛組合,https://www.nicovideo.jp/user/131930278,2024/10/29 21:00:00,28:19,"4,138"
第195位,1票,オーバーイート,https://www.nicovideo.jp/watch/sm44274710,ルゼハ,https://www.nicovideo.jp/user/23637429,2024/11/01 1:33:03,0:37,"52,217"
第195位,1票,革命動画,https://www.nicovideo.jp/watch/sm44275926,pmnt,https://www.nicovideo.jp/user/134585324,2024/11/01 13:43:03,2:36,590
第195位,1票,マーシャル咲,https://www.nicovideo.jp/watch/sm44282061,トロンボーン岡嶋,https://www.nicovideo.jp/user/127489138,2024/11/02 23:52:04,2:01,"3,303"
第195位,1票,安全のダンス,https://www.nicovideo.jp/watch/sm44283834,いそかまい,https://www.nicovideo.jp/user/87132038,2024/11/03 18:00:00,1:39,"2,567"
第195位,1票,Kaalele,https://www.nicovideo.jp/watch/sm44285707,__,https://www.nicovideo.jp/user/18698756,2024/11/03 23:49:04,3:54,844
第195位,1票,【音MAD】いるみねぇしょん feat.さかなくしょん【風野灯織×山口一郎】,https://www.nicovideo.jp/watch/sm44286430,MUMEI,https://www.nicovideo.jp/user/17598990,2024/11/04 13:58:04,5:25,"31,928"
第195位,1票,ライアーアリノー,https://www.nicovideo.jp/watch/sm44288665,ゆっけ,https://www.nicovideo.jp/user/27091950,2024/11/04 20:00:00,1:29,"4,372"
第195位,1票,牛ゅゅ(´`ω´｀),https://www.nicovideo.jp/watch/sm44292474,VitaL怪電波,https://www.nicovideo.jp/user/128470285,2024/11/05 23:00:00,1:39,"2,760"
第195位,1票,チョモキング、ミュウツーexを引けず烈火の如く夢精,https://www.nicovideo.jp/watch/sm44292484,ゲストのかめ,https://www.nicovideo.jp/user/116762099,2024/11/05 22:14:04,1:09,417
第195位,1票,愛すること 2000,https://www.nicovideo.jp/watch/sm44297402,ゆーきゃん,https://www.nicovideo.jp/user/11131264,2024/11/07 18:00:00,1:00,"1,997"
第195位,1票,じゃけえ,https://www.nicovideo.jp/watch/sm44301453,最新式！ぬるぬる幼女,https://www.nicovideo.jp/user/136621934,2024/11/08 20:21:03,1:12,"3,669"
第195位,1票,【合作】Bluearchive Global Server 3rd Anniversary Collaboration,https://www.nicovideo.jp/watch/sm44305883,Honeywind,https://www.nicovideo.jp/user/125778437,2024/11/10 0:28:03,9:55,"3,940"
第195位,1票,リズム天GAって何？　忍者んけんぽん私はグーを出しました,https://www.nicovideo.jp/watch/sm44307603,ゲストのかめ,https://www.nicovideo.jp/user/116762099,2024/11/10 14:55:03,1:04,442
第195位,1票,マーシャル・マキシマイザーっていいですよね！,https://www.nicovideo.jp/watch/sm44309337,オーショー,https://www.nicovideo.jp/user/58694031,2024/11/10 21:29:03,2:49,410
第195位,1票,他の日,https://www.nicovideo.jp/watch/sm44316340,コメリ,https://www.nicovideo.jp/user/96055900,2024/11/13 2:35:03,1:31,"1,712"
第195位,1票,男はア〇ルが変なっちゃうのよ 気をつけなさい,https://www.nicovideo.jp/watch/sm44319130,澤澤さん,https://www.nicovideo.jp/user/69768034,2024/11/14 0:28:03,2:01,"61,610"
第195位,1票,なんかTVで修造さんみたいな声の人がAIの話をしてるなーと思ったら普通に修造さんだった,https://www.nicovideo.jp/watch/sm44319259,キャベツ,https://www.nicovideo.jp/user/11862287,2024/11/14 1:13:03,1:45,"19,815"
第195位,1票,フゥハフゥハ,https://www.nicovideo.jp/watch/sm44326749,マイドライブ,https://www.nicovideo.jp/user/129625610,2024/11/16 22:00:00,4:35,"8,563"
第195位,1票,お勉強タイム,https://www.nicovideo.jp/watch/sm44329299,魔導音主,https://www.nicovideo.jp/user/64689799,2024/11/17 0:00:00,1:49,"1,491"
第195位,1票,【合作】Haunted Dance EVO,https://www.nicovideo.jp/watch/sm44332738,わたしです【わたし】,https://www.nicovideo.jp/user/125356859,2024/11/17 22:30:00,3:37,"5,397"
第195位,1票,てめぇ...（テクメドのエロい合作...♡）,https://www.nicovideo.jp/watch/sm44332868,弁財天,https://www.nicovideo.jp/user/127214354,2024/11/17 21:40:00,7:24,"11,255"
第195位,1票,GaQumas,https://www.nicovideo.jp/watch/sm44339322,訓原,https://www.nicovideo.jp/user/124750459,2024/11/19 22:00:00,2:04,"3,901"
第195位,1票,おっ so しゃppy,https://www.nicovideo.jp/watch/sm44342991,老い！,https://www.nicovideo.jp/user/125102541,2024/11/21 0:17:04,1:38,683
第195位,1票,オ(モ)ガク.flip,https://www.nicovideo.jp/watch/sm44347191,遺失物届,https://www.nicovideo.jp/user/73463142,2024/11/22 4:42:03,2:18,851
第195位,1票,カワイさ余って大宇宙！,https://www.nicovideo.jp/watch/sm44358736,聖なるバリア －ミラーフォース－,https://www.nicovideo.jp/user/38110073,2024/11/24 20:00:00,1:25,"7,638"
第195位,1票,私、いせりになー♥がフィギュアになります！,https://www.nicovideo.jp/watch/sm44359970,マグマラゴン,https://www.nicovideo.jp/user/44498193,2024/11/25 0:38:04,0:39,"1,087"
第195位,1票,ふた※のきも※の※んとの※みつ,https://www.nicovideo.jp/watch/sm44366970,遺失物届,https://www.nicovideo.jp/user/73463142,2024/11/27 20:00:00,5:52,"1,357"
第195位,1票,カリーガール,https://www.nicovideo.jp/watch/sm44369742,jack.3470(2),https://www.nicovideo.jp/user/117580601,2024/11/28 7:47:03,0:33,"1,210"
第195位,1票,チャケン三世 チャージマン・ゲーム【合作単品】,https://www.nicovideo.jp/watch/sm44374663,かどまつ,https://www.nicovideo.jp/user/87039554,2024/11/29 19:31:03,2:20,"2,888"
第195位,1票,Gentle Dogmen,https://www.nicovideo.jp/watch/sm44375165,Sheeeyan,https://www.nicovideo.jp/user/80600233,2024/11/30 0:01:05,2:51,223
第195位,1票,4年間なにやってきてんねん（笑）cropolis,https://www.nicovideo.jp/watch/sm44382800,ゲストのかめ,https://www.nicovideo.jp/user/116762099,2024/12/01 19:21:03,2:16,"2,949"
第195位,1票,耳,https://www.nicovideo.jp/watch/sm44383574,14行,https://www.nicovideo.jp/user/131072904,2024/12/01 22:18:03,1:00,"1,000"
第195位,1票,抜きゲーに出てきそうな見た目してるバキバキ童すりゃいいですか？,https://www.nicovideo.jp/watch/sm44383748,零～ゼロ～,https://www.nicovideo.jp/user/8420196,2024/12/01 22:57:03,1:36,"27,622"
第195位,1票,しんじゃンキー,https://www.nicovideo.jp/watch/sm44383869,mega(目が),https://www.nicovideo.jp/user/63941082,2024/12/01 23:19:03,3:34,"3,437"
第195位,1票,おせち三世,https://www.nicovideo.jp/watch/sm44386214,ゲスト,https://www.nicovideo.jp/user/130160141,2024/12/02 19:23:03,1:20,"8,382"
第195位,1票,【合作単品】シュガーラッシュと謝肉ステップ,https://www.nicovideo.jp/watch/sm44391985,もふじろ～。,https://www.nicovideo.jp/user/88374587,2024/12/04 18:30:00,0:34,"6,069"
第195位,1票,道化師は大変なものを洗脳していきました,https://www.nicovideo.jp/watch/sm44394248,わっつー,https://www.nicovideo.jp/user/96040263,2024/12/05 19:00:00,2:18,"7,443"
第195位,1票,カリ・フォッ・フォッ・フォ,https://www.nicovideo.jp/watch/sm44395611,ナボナ,https://www.nicovideo.jp/user/68041824,2024/12/05 18:20:05,2:34,"1,400"
第195位,1票,HIKAKIN合作～2023~,https://www.nicovideo.jp/watch/sm44397761,ME,https://www.nicovideo.jp/user/32781937,2024/12/06 19:00:00,30:00,"2,991"
第195位,1票,音マニア,https://www.nicovideo.jp/watch/sm44400914,きゅーみぅ,https://www.nicovideo.jp/user/56893195,2024/12/07 18:00:00,1:46,"10,561"
第195位,1票,右BEMYBABY左BEMYBABY,https://www.nicovideo.jp/watch/sm44402023,泣き猫工場,https://www.nicovideo.jp/user/129834455,2024/12/07 16:48:03,2:30,773
第195位,1票,デイスイキクリ,https://www.nicovideo.jp/watch/sm44404057,枝折り,https://www.nicovideo.jp/user/131900314,2024/12/08 1:45:00,1:52,"1,579"
第195位,1票,かくへん,https://www.nicovideo.jp/watch/sm44407066,ロジィ,https://www.nicovideo.jp/user/124536014,2024/12/08 22:01:03,2:30,658
第195位,1票,otoMAD-mix.絶,https://www.nicovideo.jp/watch/sm44409376,絶望,https://www.nicovideo.jp/user/38929409,2024/12/09 22:00:00,17:39,"2,240"
第195位,1票,子供の頃のGO MY WAY!!,https://www.nicovideo.jp/watch/sm44412364,nb,https://www.nicovideo.jp/user/5661199,2024/12/10 18:19:04,2:23,"2,854"
第195位,1票,チンコを火傷した少年にはチンコを火傷した少年のかぜがふく,https://www.nicovideo.jp/watch/sm44412762,Pornhub,https://www.nicovideo.jp/user/134137511,2024/12/10 20:26:03,0:54,"1,292"
第195位,1票,150BPM OTOMADS/YTPMV SET,https://youtu.be/0VM0wMycXW4,Lixi BaKa,https://www.youtube.com/channel/UCWTAOn8H4k_dg9J5EP6eVsw,2024/08/06 4:45:25,13:37,"1,576"
第195位,1票,Changing Seasons,https://youtu.be/0dXaq84TT7g,cake,https://www.youtube.com/channel/UCVvwyk2FnDY94xUXpdBqGAA,2024/04/03 5:41:28,3:19,"137,865"
第195位,1票,ドッスン合作,https://youtu.be/155Y4J4dFPw,ぽぽぽ……ぽぽ…,https://www.youtube.com/channel/UCXy2XYhnpb9iBbEIvqS6uxA,2024/04/16 21:00:01,2:04,"3,152"
第195位,1票,シロ髭ルーズ,https://youtu.be/1i3GC9tID9c,MAX SP,https://www.youtube.com/channel/UCRgQOh68-eS-vzB_00YYQXA,2024/08/28 20:42:24,1:31,"675,450"
第195位,1票,まどかが吹　っ　切　れ　た,https://youtu.be/1wQrQN_krqU,しふお,https://www.youtube.com/channel/UCbn2_qUDyqRxk7uVg-JF9fA,2024/08/02 21:52:53,1:33,"766,376"
第195位,1票,【音MAD】χ電話 - k-913【草加雅人】,https://youtu.be/4hjmPKetdAo,世論デーモン,https://www.youtube.com/channel/UCAgRJXI3jZuMjqjImQ3SGFQ,2024/10/14 23:26:19,5:04,494
第195位,1票,A Lchoholic Device,https://youtu.be/7RIzUG95pOA,葉月味,https://www.youtube.com/channel/UCuN67GkXeH4vw3PjA6Rr1Eg,2024/02/28 0:17:31,1:50,"4,784"
第195位,1票,doggis ytpmv,https://youtu.be/9Un7qWCxX2o,nikuii,https://www.youtube.com/channel/UCEDbhqarZdLAh7QkUPhevSg,2024/11/29 23:02:03,0:25,767
第195位,1票,버그 사건 / バグじけん,https://youtu.be/APsNDLiQFL8,샤비,https://www.youtube.com/channel/UCiSD2C_VjDYRNFfzA-e2Bxw,2024/10/20 0:00:14,0:35,"2,818"
第195位,1票,【単品】ピクニック私的オールスターのリスペクト,https://youtu.be/Cvxrdcv2fRs,すりみん,https://www.youtube.com/channel/UCa6S458m9ajwWKU_btJsZxw,2024/09/15 0:41:05,0:32,"1,196"
第195位,1票,⠀,https://youtu.be/FGXmiHURrVs,kkds gaming,https://www.youtube.com/channel/UC1yQZYBLz28TOMuzpY_UgcA,2024/09/28 13:19:13,2:13,263
第195位,1票,대정령 트레일러,https://youtu.be/GPQqGZ-9b-8,퍼슈,https://www.youtube.com/channel/UCmfgg748zYQ61tAODbvo7YA,2024/03/25 15:46:18,4:33,"8,046"
第195位,1票,イワシがつちからはえてくるんだ,https://youtu.be/IP11zWAQm3k,しふお,https://www.youtube.com/channel/UCbn2_qUDyqRxk7uVg-JF9fA,2024/03/17 20:05:40,2:55,"334,156"
第195位,1票,【合作】魔法少女まどか☆マギカ  -Puella Melodia-,https://youtu.be/J2RH0nPhi1U,しふお,https://www.youtube.com/channel/UCbn2_qUDyqRxk7uVg-JF9fA,2024/12/08 21:30:06,13:04,"52,653"
第195位,1票,Bocchi The Rock Episode 11 secret OVA: Rabbit Hole Side Concert (Free Streaming),https://youtu.be/MWsCjdC6Siw,CH FR,https://www.youtube.com/channel/UCYtmVnCZ3i8f6zfJbaMy1eQ,2024/06/30 3:46:12,1:41,"101,108"
第195位,1票,人生【私的オールスター】,https://youtu.be/OL6oFCuGEQM,Theas,https://www.youtube.com/channel/UCzjJ338iITZJfKt_SXiqfcQ,2024/12/09 20:15:02,7:17,"18,679"
第195位,1票,【音MAD】富士サファリホール【ラビットホール】,https://youtu.be/Oq_kY2MGgjw,にす,https://www.youtube.com/channel/UC-0nEIC-FugrulWEeAvufHw,2024/10/02 2:01:45,1:27,"498,818"
第195位,1票,満足バーライド,https://youtu.be/QxRauQ7jkJs,ゎけ,https://www.youtube.com/channel/UCaDo4Tr7ViZX4duylbh1u7A,2024/02/17 3:43:36,1:30,"588,832"
第195位,1票,【音MAD】人ジャミラ【ウルトラマン】,https://youtu.be/RsGL3-oTUgo,世論デーモン,https://www.youtube.com/channel/UCAgRJXI3jZuMjqjImQ3SGFQ,2024/01/06 23:40:07,1:22,"20,311"
第195位,1票,Ditô2o,https://youtu.be/S2_PMPfQrU8,ちくわ型AI,https://www.youtube.com/channel/UCef6urjZnfUiyxYO_uXfQeg,2024/04/29 23:05:00,1:40,"1,759"
第195位,1票,바샤메 레이스,https://youtu.be/T-weN551cBo,히톨이,https://www.youtube.com/channel/UCriSdevl12Rcm0OI-lQ8tVw,2024/10/20 1:47:52,1:05,"1,010"
第195位,1票,ゆる合作,https://youtu.be/TlMHBe47pVA,記事口授,https://www.youtube.com/channel/UCmqWAEWsNTJhQv4-zrQUnPA,2024/04/02 23:00:31,7:51,"2,652"
第195位,1票,なﾝこなﾝこ,https://youtu.be/WUKkMrWl9QM,なんこ,https://www.youtube.com/channel/UCYFJ-EXSXjT2L0rEnlXarTw,2024/08/23 14:03:05,4:29,"2,065"
第195位,1票,사코팍 - APT.,https://youtu.be/XFMFguNTWnM,시모나,https://www.youtube.com/channel/UCS99zMspmE32aQ0ZVS_mLxg,2024/11/03 19:40:21,1:01,"1,459,510"
第195位,1票,【合作単品】ピクニックライトオ,https://youtu.be/Y__GQ7YHyu8,なめ🍄,https://www.youtube.com/channel/UCh-CpqX7HGhh_tMw9cf-b8Q,2024/08/27 0:49:48,0:26,361
第195位,1票,小一孁ック,https://youtu.be/YkojbK7aUdI,聖なるバリア －ミラーフォース－,https://www.youtube.com/channel/UCp30Z8K_NyvpRtTYNEsfzjA,2024/09/14 0:00:39,1:02,"109,790"
第195位,1票,もがっさくのたんぴん,https://youtu.be/_0-cR6rGhAM,【Kyoro】,https://www.youtube.com/channel/UCK3GgstD4bCq69rsk8R5N4A,2024/12/01 22:00:45,0:31,"2,673"
第195位,1票,MEANSHOCK - 밤을달리는 소년,https://youtu.be/_EFUkfMb62s,EM,https://www.youtube.com/channel/UCjX5whihyuZHMl9xhyXFaQg,2024/08/09 19:37:14,1:17,"23,848"
第195位,1票,みるみる,https://youtu.be/aBddg_hWCfE,mi ru,https://www.youtube.com/channel/UC7cqxFKM7UI0tpY9yAe-mKw,2024/08/04 13:26:48,4:31,"4,199"
第195位,1票,音cheeky音girls音fast音food,https://youtu.be/abXpVIcJ_Bo,10割引き,https://www.youtube.com/channel/UCi6tVMITnogKB98OnLz19Bg,2024/03/27 18:52:29,2:27,"3,894"
第195位,1票,天使イ,https://youtu.be/bwsKy7tEDuw,聖なるバリア －ミラーフォース－,https://www.youtube.com/channel/UCp30Z8K_NyvpRtTYNEsfzjA,2024/03/17 20:00:25,1:41,"4,776"
第195位,1票,【音MAD】いるみねぇしょん feat.さかなくしょん【風野灯織×山口一郎】,https://youtu.be/ctJbromajJ4,MUMEI,https://www.youtube.com/channel/UCUYotMTcrx2TEq3v9sq63FA,2024/11/04 15:20:50,5:26,"99,989"
第195位,1票,【合作】Z会桜浪紀　最高の教育で、未来をひらく。,https://youtu.be/dnwqWBUeDYk,こち横,https://www.youtube.com/channel/UCs1aP8YcsCBNW0ccd8qQ6Vw,2023/12/22 22:30:12,14:07,"165,267"
第195位,1票,83 - ED（ラッシュパート）【合作単品】,https://youtu.be/fpYqJH5q63A,兎,https://www.youtube.com/channel/UCPCPcnnE565rZsd2UpADuGQ,2023/12/27 19:00:02,0:40,"9,514"
第195位,1票,ヤガミィ【音MAD】,https://youtu.be/gdplePnVheQ,takomochi,https://www.youtube.com/channel/UCdkppQry-d4U_htg79WJ6LA,2024/02/28 7:23:43,0:39,"148,940"
第195位,1票,【合作単品】37. Please Kiss My Love,https://youtu.be/gfk0DWFx8zk,んみゃふ,https://www.youtube.com/channel/UCH48-QZKh1VHm5UtoiaBC8Q,2024/12/01 19:25:43,0:19,"1,498"
第195位,1票,Mr Mr,https://youtu.be/goZw9TO2T4o,ナルワル,https://www.youtube.com/channel/UCHVPJJaFsBWQi2iFOTCuLMA,2024/06/10 2:33:22,4:30,"7,620"
第195位,1票,ブルアカイバー,https://youtu.be/gsCduEfQhio,saklz,https://www.youtube.com/channel/UCCjfUXE45ige09sjt1AsQ7A,2024/11/20 20:00:22,2:41,"527,590"
第195位,1票,ピクニック8人合作！【合作内合作】,https://youtu.be/jEwp0rS-Nac,兎,https://www.youtube.com/channel/UCPCPcnnE565rZsd2UpADuGQ,2023/12/25 22:00:26,1:08,"15,574"
第195位,1票,【최애의 아이작】,https://youtu.be/kH_llakGD-E,김굴뚝,https://www.youtube.com/channel/UC3rn_R8yuhqLKqONuKYtSOQ,2024/05/18 21:08:52,1:47,"14,054"
第195位,1票,オーバーブレーキ【音MAD】,https://youtu.be/kJpt-wDjoy8,けしごむ,https://www.youtube.com/channel/UCvZhNGMfUpp1pImV4lcPilw,2024/01/14 16:50:22,1:10,"798,422"
第195位,1票,Kinpat'su Anteroom,https://youtu.be/l9Wv02HvEcM,榆木华,https://www.youtube.com/channel/UCK1MXM3DrWgqIcN0M1CBoZQ,2024/12/01 12:53:46,1:52,425
第195位,1票,【렛츠플레이 단품】 슈가송과 비터스텝,https://youtu.be/oEzf3R3bd_w,프로듀서님,https://www.youtube.com/channel/UCdmt-A0QhADM8e5dfvBM3Kg,2024/06/13 21:07:47,2:09,"14,325"
第195位,1票,激発物破裂罪《高速》,https://youtu.be/q-ElseVkzh8,otogroove,https://www.youtube.com/channel/UCg2qIl5fUlaYaWx1GKSO_NQ,2024/05/19 23:29:14,1:04:33,"7,423"
第195位,1票,【修正前】BoB-48-　〜ボム兵の戦場合作〜,https://youtu.be/rcpZkX2kKgI,羽塚 留海,https://www.youtube.com/channel/UCz34MfcE6_L7MC9qY8Mf1Mg,2024/07/15 22:00:06,12:07,"21,193"
第195位,1票,짬뽕학 (진짬뽕×의학),https://youtu.be/wCtIwOIHBbQ,빈모드,https://www.youtube.com/channel/UCsxWmIa4G7cmj8RVJFftrAA,2024/03/19 1:05:18,1:26,"3,342"
第195位,1票,Talk!,https://youtu.be/x2Uj_ILuNw0,muziya,https://www.youtube.com/channel/UCgrGCHaojA_ql9ecaJZzkIg,2024/08/04 14:05:01,3:10,"6,302"
第195位,1票,【音MAD】#ひろがるホロ合作【ホロライブ】,https://youtu.be/xUlor2MxuuI,ネオン,https://www.youtube.com/channel/UCOC2RxhlaSUcDbFXk-17D1g,2023/12/29 21:00:07,7:35,"9,992"
第195位,1票,ちっちゃなヒナ,https://youtu.be/ykHUebWrFD8,서노,https://www.youtube.com/channel/UC9r7JtNKZ7FP4mLlUu03nsA,2024/02/19 23:10:25,3:54,"700,298"
第195位,1票,学園アイドルオチター,https://youtu.be/ywId2MFL76Q,メタカン,https://www.youtube.com/channel/UC2N7f_nUNwokMUNUWPV6ucQ,2024/12/08 0:27:19,2:35,"59,652"
第195位,1票,【音MAD】チーズ狂愛【上級者向け】,https://x.com/i/status/1818527009980518600,マクドナルド,https://x.com/McDonaldsJapan,2024/07/31 3:00:00,0:29,
第195位,1票,まどかが吹　っ　切　れ　た,https://x.com/i/status/1819355645533212701,しふお ໒꒱,https://x.com/Nag_Peach,2024/08/02 21:52:00,1:32,
第195位,1票,4545小節ごとに作者が変わ、ゥあぁ～ん！welcome S悔ー、ゥ合作の単品ピーン,https://x.com/i/status/1830923670568726856,VitaL怪電波,https://x.com/VitaLKaiDenpa,2024/09/03 19:59:00,2:18,
第195位,1票,我们彻夜不眠,https://www.bilibili.com/video/BV1Z1421U75C,铝合金键盘,https://space.bilibili.com/23211210,2024/04/05 23:05:35,3:51,"27,000"